Time,Temp,Mass,MassLossRate,MCC,DSC
 1.2000000E+001, 2.1000259E+001, 9.9910384E-001, 7.5390919E-005, 3.5091115E-014, 2.9841486E-001
 2.4000000E+001, 2.2000257E+001, 9.9819064E-001, 7.6809723E-005, 4.4726118E-014, 3.0164731E-001
 3.6000000E+001, 2.3000256E+001, 9.9726045E-001, 7.8220066E-005, 5.6913289E-014, 3.0485263E-001
 4.8000000E+001, 2.4000254E+001, 9.9631339E-001, 7.9620222E-005, 7.2303905E-014, 3.0802655E-001
 6.0000000E+001, 2.5000254E+001, 9.9534959E-001, 8.1008424E-005, 9.1709125E-014, 3.1116474E-001
 7.2000000E+001, 2.6000252E+001, 9.9436921E-001, 8.2382881E-005, 1.1613766E-013, 3.1426269E-001
 8.4000000E+001, 2.7000250E+001, 9.9337244E-001, 8.3741739E-005, 1.4684196E-013, 3.1731585E-001
 9.6000000E+001, 2.8000248E+001, 9.9235946E-001, 8.5083142E-005, 1.8537481E-013, 3.2031965E-001
 1.0800000E+002, 2.9000246E+001, 9.9133050E-001, 8.6405184E-005, 2.3365839E-013, 3.2326934E-001
 1.2000000E+002, 3.0000244E+001, 9.9028581E-001, 8.7705928E-005, 2.9406870E-013, 3.2616028E-001
 1.3200000E+002, 3.1000244E+001, 9.8922563E-001, 8.8983426E-005, 3.6953838E-013, 3.2898763E-001
 1.4400000E+002, 3.2000240E+001, 9.8815030E-001, 9.0235713E-005, 4.6368177E-013, 3.3174652E-001
 1.5600000E+002, 3.3000240E+001, 9.8706007E-001, 9.1460781E-005, 5.8094718E-013, 3.3443213E-001
 1.6800000E+002, 3.4000240E+001, 9.8595536E-001, 9.2656643E-005, 7.2680132E-013, 3.3703947E-001
 1.8000000E+002, 3.5000237E+001, 9.8483646E-001, 9.3821276E-005, 9.0795307E-013, 3.3956370E-001
 1.9200000E+002, 3.6000237E+001, 9.8370373E-001, 9.4952673E-005, 1.1326242E-012, 3.4199995E-001
 2.0400000E+002, 3.7000237E+001, 9.8255771E-001, 9.6048811E-005, 1.4108767E-012, 3.4434325E-001
 2.1600000E+002, 3.8000233E+001, 9.8139870E-001, 9.7107673E-005, 1.7550079E-012, 3.4658870E-001
 2.2800000E+002, 3.9000233E+001, 9.8022729E-001, 9.8127275E-005, 2.1800263E-012, 3.4873146E-001
 2.4000000E+002, 4.0000233E+001, 9.7904384E-001, 9.9105615E-005, 2.7042257E-012, 3.5076681E-001
 2.5200000E+002, 4.1000233E+001, 9.7784889E-001, 1.0004073E-004, 3.3498729E-012, 3.5268992E-001
 2.6400000E+002, 4.2000229E+001, 9.7664303E-001, 1.0093067E-004, 4.1440371E-012, 3.5449615E-001
 2.7600000E+002, 4.3000229E+001, 9.7542673E-001, 1.0177355E-004, 5.1195810E-012, 3.5618088E-001
 2.8800000E+002, 4.4000229E+001, 9.7420067E-001, 1.0256746E-004, 6.3163511E-012, 3.5773966E-001
 3.0000000E+002, 4.5000229E+001, 9.7296530E-001, 1.0331060E-004, 7.7825984E-012, 3.5916808E-001
 3.1200000E+002, 4.6000225E+001, 9.7172141E-001, 1.0400117E-004, 9.5766763E-012, 3.6046189E-001
 3.2400000E+002, 4.7000225E+001, 9.7046947E-001, 1.0463745E-004, 1.1769072E-011, 3.6161703E-001
 3.3600000E+002, 4.8000225E+001, 9.6921033E-001, 1.0521775E-004, 1.4444819E-011, 3.6262953E-001
 3.4800000E+002, 4.9000225E+001, 9.6794450E-001, 1.0574047E-004, 1.7706375E-011, 3.6349556E-001
 3.6000000E+002, 5.0000225E+001, 9.6667278E-001, 1.0620410E-004, 2.1677039E-011, 3.6421159E-001
 3.7200000E+002, 5.1000225E+001, 9.6539587E-001, 1.0660716E-004, 2.6505019E-011, 3.6477420E-001
 3.8400000E+002, 5.2000225E+001, 9.6411443E-001, 1.0694828E-004, 3.2368244E-011, 3.6518022E-001
 3.9600000E+002, 5.3000225E+001, 9.6282935E-001, 1.0722619E-004, 3.9480072E-011, 3.6542666E-001
 4.0800000E+002, 5.4000225E+001, 9.6154130E-001, 1.0743969E-004, 4.8096051E-011, 3.6551091E-001
 4.2000000E+002, 5.5000225E+001, 9.6025103E-001, 1.0758769E-004, 5.8521896E-011, 3.6543041E-001
 4.3200000E+002, 5.6000225E+001, 9.5895946E-001, 1.0766922E-004, 7.1122927E-011, 3.6518303E-001
 4.4400000E+002, 5.7000225E+001, 9.5766723E-001, 1.0768339E-004, 8.6335175E-011, 3.6476690E-001
 4.5600000E+002, 5.8000225E+001, 9.5637530E-001, 1.0762945E-004, 1.0467852E-010, 3.6418033E-001
 4.6800000E+002, 5.9000225E+001, 9.5508444E-001, 1.0750677E-004, 1.2677207E-010, 3.6342213E-001
 4.8000000E+002, 6.0000225E+001, 9.5379543E-001, 1.0731484E-004, 1.5335230E-010, 3.6249110E-001
 4.9200000E+002, 6.1000225E+001, 9.5250916E-001, 1.0705326E-004, 1.8529438E-010, 3.6138681E-001
 5.0400000E+002, 6.2000229E+001, 9.5122641E-001, 1.0672180E-004, 2.2363709E-010, 3.6010882E-001
 5.1600000E+002, 6.3000229E+001, 9.4994807E-001, 1.0632033E-004, 2.6961214E-010, 3.5865712E-001
 5.2800000E+002, 6.4000229E+001, 9.4867504E-001, 1.0584889E-004, 3.2467842E-010, 3.5703209E-001
 5.4000000E+002, 6.5000229E+001, 9.4740802E-001, 1.0530763E-004, 3.9056200E-010, 3.5523450E-001
 5.5200000E+002, 6.6000229E+001, 9.4614792E-001, 1.0469688E-004, 4.6930310E-010, 3.5326535E-001
 5.6400000E+002, 6.7000229E+001, 9.4489557E-001, 1.0401709E-004, 5.6331051E-010, 3.5112610E-001
 5.7600000E+002, 6.8000237E+001, 9.4365180E-001, 1.0326887E-004, 6.7542549E-010, 3.4881854E-001
 5.8800000E+002, 6.9000237E+001, 9.4241738E-001, 1.0245296E-004, 8.0899576E-010, 3.4634489E-001
 6.0000000E+002, 7.0000237E+001, 9.4119322E-001, 1.0157027E-004, 9.6796193E-010, 3.4370759E-001
 6.1200000E+002, 7.1000237E+001, 9.3997997E-001, 1.0062184E-004, 1.1569579E-009, 3.4090963E-001
 6.2400000E+002, 7.2000237E+001, 9.3877852E-001, 9.9608871E-005, 1.3814271E-009, 3.3795425E-001
 6.3600000E+002, 7.3000244E+001, 9.3758965E-001, 9.8532706E-005, 1.6477582E-009, 3.3484507E-001
 6.4800000E+002, 7.4000244E+001, 9.3641400E-001, 9.7394826E-005, 1.9634410E-009, 3.3158606E-001
 6.6000000E+002, 7.5000244E+001, 9.3525243E-001, 9.6196862E-005, 2.3372486E-009, 3.2818156E-001
 6.7200000E+002, 7.6000244E+001, 9.3410552E-001, 9.4940573E-005, 2.7794471E-009, 3.2463619E-001
 6.8400000E+002, 7.7000244E+001, 9.3297410E-001, 9.3627852E-005, 3.3020384E-009, 3.2095507E-001
 6.9600000E+002, 7.8000252E+001, 9.3185872E-001, 9.2260736E-005, 3.9190398E-009, 3.1714335E-001
 7.0800000E+002, 7.9000252E+001, 9.3076003E-001, 9.0841364E-005, 4.6468074E-009, 3.1320664E-001
 7.2000000E+002, 8.0000252E+001, 9.2967874E-001, 8.9372021E-005, 5.5044094E-009, 3.0915102E-001
 7.3200000E+002, 8.1000259E+001, 9.2861533E-001, 8.7855085E-005, 6.5140546E-009, 3.0498248E-001
 7.4400000E+002, 8.2000259E+001, 9.2757040E-001, 8.6293054E-005, 7.7015860E-009, 3.0070758E-001
 7.5600000E+002, 8.3000259E+001, 9.2654449E-001, 8.4688516E-005, 9.0970493E-009, 2.9633290E-001
 7.6800000E+002, 8.4000259E+001, 9.2553806E-001, 8.3044164E-005, 1.0735343E-008, 2.9186538E-001
 7.8000000E+002, 8.5000267E+001, 9.2455155E-001, 8.1362756E-005, 1.2656969E-008, 2.8731212E-001
 7.9200000E+002, 8.6000267E+001, 9.2358547E-001, 7.9647150E-005, 1.4908888E-008, 2.8268039E-001
 8.0400000E+002, 8.7000267E+001, 9.2264020E-001, 7.7900266E-005, 1.7545506E-008, 2.7797762E-001
 8.1600000E+002, 8.8000275E+001, 9.2171603E-001, 7.6125063E-005, 2.0629795E-008, 2.7321133E-001
 8.2800000E+002, 8.9000275E+001, 9.2081332E-001, 7.4324576E-005, 2.4234581E-008, 2.6838931E-001
 8.4000000E+002, 9.0000275E+001, 9.1993231E-001, 7.2501869E-005, 2.8444017E-008, 2.6351929E-001
 8.5200000E+002, 9.1000282E+001, 9.1907334E-001, 7.0660026E-005, 3.3355260E-008, 2.5860909E-001
 8.6400000E+002, 9.2000282E+001, 9.1823655E-001, 6.8802168E-005, 3.9080387E-008, 2.5366652E-001
 8.7600000E+002, 9.3000282E+001, 9.1742218E-001, 6.6931425E-005, 4.5748578E-008, 2.4869955E-001
 8.8800000E+002, 9.4000290E+001, 9.1663027E-001, 6.5050903E-005, 5.3508604E-008, 2.4371596E-001
 9.0000000E+002, 9.5000290E+001, 9.1586101E-001, 6.3163730E-005, 6.2531669E-008, 2.3872364E-001
 9.1200000E+002, 9.6000290E+001, 9.1511440E-001, 6.1273000E-005, 7.3014604E-008, 2.3373035E-001
 9.2400000E+002, 9.7000298E+001, 9.1439044E-001, 5.9381764E-005, 8.5183551E-008, 2.2874372E-001
 9.3600000E+002, 9.8000298E+001, 9.1368926E-001, 5.7493049E-005, 9.9298120E-008, 2.2377139E-001
 9.4800000E+002, 9.9000305E+001, 9.1301060E-001, 5.5609828E-005, 1.1565607E-007, 2.1882063E-001
 9.6000000E+002, 1.0000031E+002, 9.1235459E-001, 5.3735006E-005, 1.3459872E-007, 2.1389885E-001
 9.7200000E+002, 1.0100031E+002, 9.1172093E-001, 5.1871433E-005, 1.5651690E-007, 2.0901302E-001
 9.8400000E+002, 1.0200031E+002, 9.1110963E-001, 5.0021867E-005, 1.8185796E-007, 2.0417005E-001
 9.9600000E+002, 1.0300031E+002, 9.1052037E-001, 4.8188991E-005, 2.1113334E-007, 1.9937663E-001
 1.0080000E+003, 1.0400031E+002, 9.0995306E-001, 4.6375386E-005, 2.4492752E-007, 1.9463906E-001
 1.0200000E+003, 1.0500032E+002, 9.0940732E-001, 4.4583532E-005, 2.8390778E-007, 1.8996347E-001
 1.0320000E+003, 1.0600032E+002, 9.0888298E-001, 4.2815806E-005, 3.2883548E-007, 1.8535575E-001
 1.0440000E+003, 1.0700032E+002, 9.0837961E-001, 4.1074461E-005, 3.8057863E-007, 1.8082146E-001
 1.0560000E+003, 1.0800032E+002, 9.0789706E-001, 3.9361639E-005, 4.4012606E-007, 1.7636581E-001
 1.0680000E+003, 1.0900033E+002, 9.0743488E-001, 3.7679343E-005, 5.0860348E-007, 1.7199363E-001
 1.0800000E+003, 1.1000033E+002, 9.0699267E-001, 3.6029454E-005, 5.8729159E-007, 1.6770959E-001
 1.0920000E+003, 1.1100033E+002, 9.0657002E-001, 3.4413715E-005, 6.7764614E-007, 1.6351791E-001
 1.1040000E+003, 1.1200034E+002, 9.0616661E-001, 3.2833734E-005, 7.8132086E-007, 1.5942235E-001
 1.1160000E+003, 1.1300034E+002, 9.0578187E-001, 3.1290969E-005, 9.0019307E-007, 1.5542649E-001
 1.1280000E+003, 1.1400034E+002, 9.0541548E-001, 2.9786748E-005, 1.0363923E-006, 1.5153360E-001
 1.1400000E+003, 1.1500034E+002, 9.0506685E-001, 2.8322243E-005, 1.1923324E-006, 1.4774628E-001
 1.1520000E+003, 1.1600034E+002, 9.0473557E-001, 2.6898491E-005, 1.3707482E-006, 1.4406697E-001
 1.1640000E+003, 1.1700034E+002, 9.0442115E-001, 2.5516378E-005, 1.5747354E-006, 1.4049782E-001
 1.1760000E+003, 1.1800034E+002, 9.0412301E-001, 2.4176648E-005, 1.8077959E-006, 1.3704044E-001
 1.1880000E+003, 1.1900034E+002, 9.0384072E-001, 2.2879907E-005, 2.0738892E-006, 1.3369618E-001
 1.2000000E+003, 1.2000035E+002, 9.0357375E-001, 2.1626618E-005, 2.3774876E-006, 1.3046594E-001
 1.2120000E+003, 1.2100035E+002, 9.0332156E-001, 2.0417105E-005, 2.7236413E-006, 1.2735060E-001
 1.2240000E+003, 1.2200035E+002, 9.0308356E-001, 1.9251565E-005, 3.1180477E-006, 1.2435024E-001
 1.2360000E+003, 1.2300035E+002, 9.0285933E-001, 1.8130058E-005, 3.5671314E-006, 1.2146484E-001
 1.2480000E+003, 1.2400035E+002, 9.0264827E-001, 1.7052525E-005, 4.0781310E-006, 1.1869417E-001
 1.2600000E+003, 1.2500036E+002, 9.0244991E-001, 1.6018785E-005, 4.6591981E-006, 1.1603744E-001
 1.2720000E+003, 1.2600036E+002, 9.0226370E-001, 1.5028536E-005, 5.3195063E-006, 1.1349388E-001
 1.2840000E+003, 1.2700036E+002, 9.0208906E-001, 1.4081375E-005, 6.0693719E-006, 1.1106218E-001
 1.2960000E+003, 1.2800037E+002, 9.0192556E-001, 1.3176793E-005, 6.9203911E-006, 1.0874095E-001
 1.3080000E+003, 1.2900037E+002, 9.0177268E-001, 1.2314183E-005, 7.8855883E-006, 1.0652848E-001
 1.3200000E+003, 1.3000037E+002, 9.0162987E-001, 1.1492846E-005, 8.9795849E-006, 1.0442280E-001
 1.3320000E+003, 1.3100037E+002, 9.0149671E-001, 1.0712005E-005, 1.0218784E-005, 1.0242188E-001
 1.3440000E+003, 1.3200037E+002, 9.0137261E-001, 9.9708013E-006, 1.1621575E-005, 1.0052331E-001
 1.3560000E+003, 1.3300037E+002, 9.0125722E-001, 9.2683094E-006, 1.3208567E-005, 9.8724671E-002
 1.3680000E+003, 1.3400037E+002, 9.0115005E-001, 8.6035407E-006, 1.5002835E-005, 9.7023249E-002
 1.3800000E+003, 1.3500037E+002, 9.0105063E-001, 7.9754500E-006, 1.7030205E-005, 9.5416389E-002
 1.3920000E+003, 1.3600037E+002, 9.0095848E-001, 7.3829469E-006, 1.9319563E-005, 9.3901098E-002
 1.4040000E+003, 1.3700037E+002, 9.0087330E-001, 6.8248964E-006, 2.1903204E-005, 9.2474483E-002
 1.4160000E+003, 1.3800037E+002, 9.0079457E-001, 6.3001316E-006, 2.4817204E-005, 9.1133356E-002
 1.4280000E+003, 1.3900037E+002, 9.0072197E-001, 5.8074561E-006, 2.8101842E-005, 8.9874797E-002
 1.4400000E+003, 1.4000037E+002, 9.0065509E-001, 5.3456542E-006, 3.1802072E-005, 8.8695362E-002
 1.4520000E+003, 1.4100037E+002, 9.0059358E-001, 4.9134933E-006, 3.5968027E-005, 8.7591983E-002
 1.4640000E+003, 1.4200037E+002, 9.0053701E-001, 4.5097340E-006, 4.0655588E-005, 8.6561456E-002
 1.4760000E+003, 1.4300037E+002, 9.0048522E-001, 4.1331323E-006, 4.5927012E-005, 8.5600480E-002
 1.4880000E+003, 1.4400037E+002, 9.0043777E-001, 3.7824475E-006, 5.1851610E-005, 8.4705837E-002
 1.5000000E+003, 1.4500037E+002, 9.0039432E-001, 3.4564457E-006, 5.8506521E-005, 8.3874390E-002
 1.5120000E+003, 1.4600037E+002, 9.0035468E-001, 3.1539062E-006, 6.5977532E-005, 8.3102942E-002
 1.5240000E+003, 1.4700037E+002, 9.0031856E-001, 2.8736245E-006, 7.4360010E-005, 8.2388319E-002
 1.5360000E+003, 1.4800037E+002, 9.0028566E-001, 2.6144171E-006, 8.3759885E-005, 8.1727587E-002
 1.5480000E+003, 1.4900038E+002, 9.0025574E-001, 2.3751252E-006, 9.4294817E-005, 8.1117667E-002
 1.5600000E+003, 1.5000038E+002, 9.0022856E-001, 2.1546180E-006, 1.0609535E-004, 8.0555640E-002
 1.5720000E+003, 1.5100038E+002, 9.0020394E-001, 1.9517956E-006, 1.1930631E-004, 8.0038659E-002
 1.5840000E+003, 1.5200038E+002, 9.0018165E-001, 1.7655922E-006, 1.3408824E-004, 7.9564020E-002
 1.5960000E+003, 1.5300038E+002, 9.0016150E-001, 1.5949771E-006, 1.5061906E-004, 7.9129070E-002
 1.6080000E+003, 1.5400038E+002, 9.0014333E-001, 1.4389585E-006, 1.6909577E-004, 7.8731261E-002
 1.6200000E+003, 1.5500038E+002, 9.0012693E-001, 1.2965835E-006, 1.8973646E-004, 7.8368038E-002
 1.6320000E+003, 1.5600038E+002, 9.0011215E-001, 1.1669403E-006, 2.1278240E-004, 7.8037202E-002
 1.6440000E+003, 1.5700038E+002, 9.0009886E-001, 1.0491592E-006, 2.3850040E-004, 7.7736408E-002
 1.6560000E+003, 1.5800038E+002, 9.0008694E-001, 9.4241295E-007, 2.6718536E-004, 7.7463470E-002
 1.6680000E+003, 1.5900038E+002, 9.0007621E-001, 8.4591750E-007, 2.9916302E-004, 7.7216499E-002
 1.6800000E+003, 1.6000038E+002, 9.0006661E-001, 7.5893229E-007, 3.3479306E-004, 7.6993532E-002
 1.6920000E+003, 1.6100038E+002, 9.0005797E-001, 6.8075997E-007, 3.7447241E-004, 7.6792754E-002
 1.7040000E+003, 1.6200038E+002, 9.0005022E-001, 6.1074672E-007, 4.1863896E-004, 7.6612361E-002
 1.7160000E+003, 1.6300038E+002, 9.0004331E-001, 5.4828138E-007, 4.6777536E-004, 7.6451033E-002
 1.7280000E+003, 1.6400038E+002, 9.0003705E-001, 4.9279538E-007, 5.2241364E-004, 7.6307036E-002
 1.7400000E+003, 1.6500038E+002, 9.0003145E-001, 4.4376173E-007, 5.8313977E-004, 7.6179080E-002
 1.7520000E+003, 1.6600038E+002, 9.0002638E-001, 4.0069466E-007, 6.5059878E-004, 7.6065861E-002
 1.7640000E+003, 1.6700038E+002, 9.0002179E-001, 3.6314850E-007, 7.2550063E-004, 7.5966269E-002
 1.7760000E+003, 1.6800038E+002, 9.0001762E-001, 3.3071694E-007, 8.0862601E-004, 7.5879142E-002
 1.7880000E+003, 1.6900038E+002, 9.0001386E-001, 3.0303212E-007, 9.0083340E-004, 7.5803675E-002
 1.8000000E+003, 1.7000038E+002, 9.0001035E-001, 2.7976353E-007, 1.0030661E-003, 7.5738698E-002
 1.8120000E+003, 1.7100038E+002, 9.0000713E-001, 2.6061721E-007, 1.1163601E-003, 7.5683527E-002
 1.8240000E+003, 1.7200038E+002, 9.0000409E-001, 2.4533472E-007, 1.2418529E-003, 7.5637504E-002
 1.8360000E+003, 1.7300038E+002, 9.0000123E-001, 2.3369229E-007, 1.3807929E-003, 7.5599909E-002
 1.8480000E+003, 1.7400038E+002, 8.9999849E-001, 2.2549993E-007, 1.5345492E-003, 7.5570151E-002
 1.8600000E+003, 1.7500038E+002, 8.9999580E-001, 2.2060063E-007, 1.7046231E-003, 7.5547867E-002
 1.8720000E+003, 1.7600038E+002, 8.9999312E-001, 2.1886967E-007, 1.8926596E-003, 7.5532518E-002
 1.8840000E+003, 1.7700038E+002, 8.9999050E-001, 2.2021402E-007, 2.1004609E-003, 7.5523823E-002
 1.8960000E+003, 1.7800038E+002, 8.9998788E-001, 2.2457179E-007, 2.3300005E-003, 7.5521454E-002
 1.9080000E+003, 1.7900038E+002, 8.9998513E-001, 2.3191191E-007, 2.5834381E-003, 7.5525351E-002
 1.9200000E+003, 1.8000038E+002, 8.9998227E-001, 2.4223382E-007, 2.8631359E-003, 7.5535163E-002
 1.9320000E+003, 1.8100038E+002, 8.9997929E-001, 2.5556744E-007, 3.1716779E-003, 7.5550966E-002
 1.9440000E+003, 1.8200038E+002, 8.9997613E-001, 2.7197316E-007, 3.5118882E-003, 7.5572677E-002
 1.9560000E+003, 1.8300038E+002, 8.9997274E-001, 2.9154208E-007, 3.8868519E-003, 7.5600341E-002
 1.9680000E+003, 1.8400038E+002, 8.9996910E-001, 3.1439640E-007, 4.2999391E-003, 7.5634137E-002
 1.9800000E+003, 1.8500038E+002, 8.9996517E-001, 3.4069009E-007, 4.7548288E-003, 7.5674243E-002
 1.9920000E+003, 1.8600038E+002, 8.9996094E-001, 3.7060948E-007, 5.2555338E-003, 7.5720809E-002
 2.0040000E+003, 1.8700038E+002, 8.9995629E-001, 4.0437450E-007, 5.8064340E-003, 7.5774208E-002
 2.0160000E+003, 1.8800038E+002, 8.9995122E-001, 4.4223970E-007, 6.4123026E-003, 7.5834781E-002
 2.0280000E+003, 1.8900038E+002, 8.9994568E-001, 4.8449567E-007, 7.0783417E-003, 7.5902909E-002
 2.0400000E+003, 1.9000038E+002, 8.9993954E-001, 5.3147090E-007, 7.8102201E-003, 7.5979136E-002
 2.0520000E+003, 1.9100038E+002, 8.9993286E-001, 5.8353345E-007, 8.6141089E-003, 7.6064125E-002
 2.0640000E+003, 1.9200038E+002, 8.9992553E-001, 6.4109344E-007, 9.4967270E-003, 7.6158427E-002
 2.0760000E+003, 1.9300038E+002, 8.9991748E-001, 7.0460504E-007, 1.0465384E-002, 7.6262698E-002
 2.0880000E+003, 1.9400038E+002, 8.9990860E-001, 7.7456968E-007, 1.1528029E-002, 7.6377973E-002
 2.1000000E+003, 1.9500038E+002, 8.9989883E-001, 8.5153891E-007, 1.2693308E-002, 7.6504827E-002
 2.1120000E+003, 1.9600038E+002, 8.9988810E-001, 9.3611749E-007, 1.3970613E-002, 7.6644503E-002
 2.1240000E+003, 1.9700038E+002, 8.9987636E-001, 1.0289674E-006, 1.5370150E-002, 7.6797910E-002
 2.1360000E+003, 1.9800038E+002, 8.9986342E-001, 1.1308119E-006, 1.6902998E-002, 7.6966383E-002
 2.1480000E+003, 1.9900038E+002, 8.9984918E-001, 1.2424397E-006, 1.8581184E-002, 7.7151120E-002
 2.1600000E+003, 2.0000038E+002, 8.9983356E-001, 1.3647094E-006, 2.0417761E-002, 7.7353612E-002
 2.1720000E+003, 2.0100038E+002, 8.9981633E-001, 1.4985555E-006, 2.2426881E-002, 7.7575259E-002
 2.1840000E+003, 2.0200038E+002, 8.9979750E-001, 1.6449936E-006, 2.4623888E-002, 7.7817798E-002
 2.1960000E+003, 2.0300038E+002, 8.9977682E-001, 1.8051262E-006, 2.7025415E-002, 7.8083090E-002
 2.2080000E+003, 2.0400038E+002, 8.9975411E-001, 1.9801491E-006, 2.9649476E-002, 7.8373089E-002
 2.2200000E+003, 2.0500038E+002, 8.9972925E-001, 2.1713597E-006, 3.2515578E-002, 7.8690037E-002
 2.2320000E+003, 2.0600038E+002, 8.9970195E-001, 2.3801624E-006, 3.5644840E-002, 7.9036132E-002
 2.2440000E+003, 2.0700038E+002, 8.9967203E-001, 2.6080791E-006, 3.9060108E-002, 7.9413839E-002
 2.2560000E+003, 2.0800038E+002, 8.9963925E-001, 2.8567556E-006, 4.2786092E-002, 7.9826005E-002
 2.2680000E+003, 2.0900038E+002, 8.9960337E-001, 3.1279733E-006, 4.6849508E-002, 8.0275536E-002
 2.2800000E+003, 2.1000038E+002, 8.9956409E-001, 3.4236571E-006, 5.1279228E-002, 8.0765598E-002
 2.2920000E+003, 2.1100038E+002, 8.9952111E-001, 3.7458869E-006, 5.6106444E-002, 8.1299722E-002
 2.3040000E+003, 2.1200037E+002, 8.9947408E-001, 4.0969098E-006, 6.1364830E-002, 8.1881508E-002
 2.3160000E+003, 2.1300037E+002, 8.9942265E-001, 4.4791509E-006, 6.7090735E-002, 8.2515009E-002
 2.3280000E+003, 2.1400037E+002, 8.9936644E-001, 4.8952279E-006, 7.3323384E-002, 8.3204553E-002
 2.3400000E+003, 2.1500037E+002, 8.9930499E-001, 5.3479630E-006, 8.0105066E-002, 8.3954930E-002
 2.3520000E+003, 2.1600037E+002, 8.9923793E-001, 5.8403998E-006, 8.7481380E-002, 8.4771037E-002
 2.3640000E+003, 2.1700037E+002, 8.9916468E-001, 6.3758171E-006, 9.5501445E-002, 8.5658342E-002
 2.3760000E+003, 2.1800037E+002, 8.9908469E-001, 6.9577472E-006, 1.0421819E-001, 8.6622782E-002
 2.3880000E+003, 2.1900037E+002, 8.9899749E-001, 7.5899925E-006, 1.1368857E-001, 8.7670460E-002
 2.4000000E+003, 2.2000037E+002, 8.9890230E-001, 8.2766455E-006, 1.2397388E-001, 8.8808298E-002
 2.4120000E+003, 2.2100037E+002, 8.9879858E-001, 9.0221074E-006, 1.3514008E-001, 9.0043567E-002
 2.4240000E+003, 2.2200037E+002, 8.9868551E-001, 9.8311093E-006, 1.4725801E-001, 9.1384120E-002
 2.4360000E+003, 2.2300037E+002, 8.9856237E-001, 1.0708738E-005, 1.6040386E-001, 9.2838317E-002
 2.4480000E+003, 2.2400037E+002, 8.9842820E-001, 1.1660452E-005, 1.7465943E-001, 9.4415188E-002
 2.4600000E+003, 2.2500037E+002, 8.9828217E-001, 1.2692116E-005, 1.9011253E-001, 9.6124530E-002
 2.4720000E+003, 2.2600037E+002, 8.9812326E-001, 1.3810018E-005, 2.0685738E-001, 9.7976670E-002
 2.4840000E+003, 2.2700037E+002, 8.9795035E-001, 1.5020903E-005, 2.2499500E-001, 9.9982820E-002
 2.4960000E+003, 2.2800037E+002, 8.9776236E-001, 1.6332000E-005, 2.4463367E-001, 1.0215490E-001
 2.5080000E+003, 2.2900037E+002, 8.9755791E-001, 1.7751052E-005, 2.6588935E-001, 1.0450578E-001
 2.5200000E+003, 2.3000037E+002, 8.9733583E-001, 1.9286344E-005, 2.8888619E-001, 1.0704909E-001
 2.5320000E+003, 2.3100037E+002, 8.9709455E-001, 2.0946745E-005, 3.1375700E-001, 1.0979960E-001
 2.5440000E+003, 2.3200035E+002, 8.9683253E-001, 2.2741731E-005, 3.4064376E-001, 1.1277299E-001
 2.5560000E+003, 2.3300035E+002, 8.9654815E-001, 2.4681432E-005, 3.6969817E-001, 1.1598596E-001
 2.5680000E+003, 2.3400035E+002, 8.9623958E-001, 2.6776659E-005, 4.0108213E-001, 1.1945644E-001
 2.5800000E+003, 2.3500035E+002, 8.9590484E-001, 2.9038945E-005, 4.3496847E-001, 1.2320347E-001
 2.5920000E+003, 2.3600035E+002, 8.9554191E-001, 3.1480587E-005, 4.7154129E-001, 1.2724741E-001
 2.6040000E+003, 2.3700035E+002, 8.9514852E-001, 3.4114677E-005, 5.1099682E-001, 1.3160998E-001
 2.6160000E+003, 2.3800035E+002, 8.9472228E-001, 3.6955153E-005, 5.5354369E-001, 1.3631417E-001
 2.6280000E+003, 2.3900034E+002, 8.9426064E-001, 4.0016832E-005, 5.9940398E-001, 1.4138456E-001
 2.6400000E+003, 2.4000034E+002, 8.9376092E-001, 4.3315449E-005, 6.4881331E-001, 1.4684708E-001
 2.6520000E+003, 2.4100034E+002, 8.9322007E-001, 4.6867710E-005, 7.0202190E-001, 1.5272932E-001
 2.6640000E+003, 2.4200034E+002, 8.9263493E-001, 5.0691309E-005, 7.5929481E-001, 1.5906079E-001
 2.6760000E+003, 2.4300034E+002, 8.9200222E-001, 5.4804983E-005, 8.2091272E-001, 1.6587211E-001
 2.6880000E+003, 2.4400032E+002, 8.9131832E-001, 5.9228551E-005, 8.8717240E-001, 1.7319641E-001
 2.7000000E+003, 2.4500032E+002, 8.9057940E-001, 6.3982923E-005, 9.5838720E-001, 1.8106808E-001
 2.7120000E+003, 2.4600032E+002, 8.8978130E-001, 6.9090158E-005, 1.0348874E+000, 1.8952344E-001
 2.7240000E+003, 2.4700031E+002, 8.8891965E-001, 7.4573480E-005, 1.1170211E+000, 1.9860117E-001
 2.7360000E+003, 2.4800031E+002, 8.8798988E-001, 8.0457292E-005, 1.2051535E+000, 2.0834140E-001
 2.7480000E+003, 2.4900031E+002, 8.8698691E-001, 8.6767192E-005, 1.2996681E+000, 2.1878648E-001
 2.7600000E+003, 2.5000029E+002, 8.8590556E-001, 9.3529969E-005, 1.4009664E+000, 2.2998060E-001
 2.7720000E+003, 2.5100029E+002, 8.8474023E-001, 1.0077364E-004, 1.5094677E+000, 2.4197015E-001
 2.7840000E+003, 2.5200029E+002, 8.8348490E-001, 1.0852735E-004, 1.6256092E+000, 2.5480315E-001
 2.7960000E+003, 2.5300027E+002, 8.8213331E-001, 1.1682146E-004, 1.7498449E+000, 2.6852977E-001
 2.8080000E+003, 2.5400027E+002, 8.8067883E-001, 1.2568738E-004, 1.8826457E+000, 2.8320184E-001
 2.8200000E+003, 2.5500026E+002, 8.7911433E-001, 1.3515758E-004, 2.0244980E+000, 2.9887304E-001
 2.8320000E+003, 2.5600024E+002, 8.7743241E-001, 1.4526548E-004, 2.1759024E+000, 3.1559831E-001
 2.8440000E+003, 2.5700024E+002, 8.7562513E-001, 1.5604538E-004, 2.3373721E+000, 3.3343428E-001
 2.8560000E+003, 2.5800024E+002, 8.7368435E-001, 1.6753221E-004, 2.5094309E+000, 3.5243860E-001
 2.8680000E+003, 2.5900021E+002, 8.7160128E-001, 1.7976150E-004, 2.6926110E+000, 3.7266973E-001
 2.8800000E+003, 2.6000021E+002, 8.6936682E-001, 1.9276908E-004, 2.8874488E+000, 3.9418665E-001
 2.8920000E+003, 2.6100018E+002, 8.6697143E-001, 2.0659085E-004, 3.0944824E+000, 4.1704854E-001
 2.9040000E+003, 2.6200018E+002, 8.6440510E-001, 2.2126255E-004, 3.3142469E+000, 4.4131398E-001
 2.9160000E+003, 2.6300018E+002, 8.6165744E-001, 2.3681935E-004, 3.5472689E+000, 4.6704090E-001
 2.9280000E+003, 2.6400015E+002, 8.5871762E-001, 2.5329544E-004, 3.7940609E+000, 4.9428537E-001
 2.9400000E+003, 2.6500015E+002, 8.5557437E-001, 2.7072366E-004, 4.0551147E+000, 5.2310121E-001
 2.9520000E+003, 2.6600012E+002, 8.5221612E-001, 2.8913491E-004, 4.3308930E+000, 5.5353880E-001
 2.9640000E+003, 2.6700012E+002, 8.4863091E-001, 3.0855753E-004, 4.6218204E+000, 5.8564454E-001
 2.9760000E+003, 2.6800009E+002, 8.4480643E-001, 3.2901677E-004, 4.9282751E+000, 6.1945939E-001
 2.9880000E+003, 2.6900006E+002, 8.4073007E-001, 3.5053384E-004, 5.2505751E+000, 6.5501767E-001
 3.0000000E+003, 2.7000006E+002, 8.3638906E-001, 3.7312525E-004, 5.5889673E+000, 6.9234574E-001
 3.0120000E+003, 2.7100003E+002, 8.3177048E-001, 3.9680177E-004, 5.9436131E+000, 7.3146039E-001
 3.0240000E+003, 2.7200000E+002, 8.2686126E-001, 4.2156747E-004, 6.3145733E+000, 7.7236718E-001
 3.0360000E+003, 2.7300000E+002, 8.2164824E-001, 4.4741857E-004, 6.7017918E+000, 8.1505871E-001
 3.0480000E+003, 2.7399997E+002, 8.1611866E-001, 4.7434223E-004, 7.1050758E+000, 8.5951239E-001
 3.0600000E+003, 2.7499994E+002, 8.1025958E-001, 5.0231535E-004, 7.5240798E+000, 9.0568835E-001
 3.0720000E+003, 2.7599991E+002, 8.0405873E-001, 5.3130306E-004, 7.9582806E+000, 9.5352721E-001
 3.0840000E+003, 2.7699988E+002, 7.9750413E-001, 5.6125736E-004, 8.4069605E+000, 1.0029480E+000
 3.0960000E+003, 2.7799985E+002, 7.9058462E-001, 5.9211563E-004, 8.8691797E+000, 1.0538448E+000
 3.1080000E+003, 2.7899985E+002, 7.8328973E-001, 6.2379887E-004, 9.3437567E+000, 1.1060852E+000
 3.1200000E+003, 2.7999982E+002, 7.7561021E-001, 6.5621058E-004, 9.8292446E+000, 1.1595069E+000
 3.1320000E+003, 2.8099979E+002, 7.6753789E-001, 6.8923470E-004, 1.0323907E+001, 1.2139158E+000
 3.1440000E+003, 2.8199976E+002, 7.5906634E-001, 7.2273461E-004, 1.0825695E+001, 1.2690830E+000
 3.1560000E+003, 2.8299973E+002, 7.5019068E-001, 7.5655128E-004, 1.1332229E+001, 1.3247429E+000
 3.1680000E+003, 2.8399969E+002, 7.4090821E-001, 7.9050253E-004, 1.1840776E+001, 1.3805909E+000
 3.1800000E+003, 2.8499966E+002, 7.3121858E-001, 8.2438166E-004, 1.2348245E+001, 1.4362823E+000
 3.1920000E+003, 2.8599963E+002, 7.2112393E-001, 8.5795688E-004, 1.2851161E+001, 1.4914303E+000
 3.2040000E+003, 2.8699960E+002, 7.1062952E-001, 8.9097110E-004, 1.3345675E+001, 1.5456066E+000
 3.2160000E+003, 2.8799957E+002, 6.9974369E-001, 9.2314195E-004, 1.3827556E+001, 1.5983407E+000
 3.2280000E+003, 2.8899954E+002, 6.8847841E-001, 9.5416274E-004, 1.4292210E+001, 1.6491220E+000
 3.2400000E+003, 2.8999951E+002, 6.7684937E-001, 9.8370342E-004, 1.4734694E+001, 1.6974013E+000
 3.2520000E+003, 2.9099951E+002, 6.6487652E-001, 1.0114133E-003, 1.5149755E+001, 1.7425954E+000
 3.2640000E+003, 2.9199948E+002, 6.5258402E-001, 1.0369238E-003, 1.5531872E+001, 1.7840915E+000
 3.2760000E+003, 2.9299945E+002, 6.4000046E-001, 1.0598525E-003, 1.5875316E+001, 1.8212544E+000
 3.2880000E+003, 2.9399945E+002, 6.2715924E-001, 1.0798083E-003, 1.6174229E+001, 1.8534349E+000
 3.3000000E+003, 2.9499942E+002, 6.1409831E-001, 1.0963975E-003, 1.6422716E+001, 1.8799798E+000
 3.3120000E+003, 2.9599942E+002, 6.0086054E-001, 1.1092314E-003, 1.6614950E+001, 1.9002444E+000
 3.3240000E+003, 2.9699942E+002, 5.8749318E-001, 1.1179339E-003, 1.6745304E+001, 1.9136065E+000
 3.3360000E+003, 2.9799942E+002, 5.7404804E-001, 1.1221521E-003, 1.6808489E+001, 1.9194818E+000
 3.3480000E+003, 2.9899942E+002, 5.6058073E-001, 1.1215658E-003, 1.6799707E+001, 1.9173417E+000
 3.3600000E+003, 2.9999942E+002, 5.4715079E-001, 1.1158990E-003, 1.6714823E+001, 1.9067315E+000
 3.3720000E+003, 3.0099942E+002, 5.3382051E-001, 1.1049308E-003, 1.6550533E+001, 1.8872888E+000
 3.3840000E+003, 3.0199945E+002, 5.2065444E-001, 1.0885078E-003, 1.6304537E+001, 1.8587636E+000
 3.3960000E+003, 3.0299945E+002, 5.0771862E-001, 1.0665550E-003, 1.5975712E+001, 1.8210371E+000
 3.4080000E+003, 3.0399948E+002, 4.9507943E-001, 1.0390859E-003, 1.5564257E+001, 1.7741380E+000
 3.4200000E+003, 3.0499951E+002, 4.8280248E-001, 1.0062114E-003, 1.5071836E+001, 1.7182570E+000
 3.4320000E+003, 3.0599954E+002, 4.7095150E-001, 9.6814695E-004, 1.4501677E+001, 1.6537597E+000
 3.4440000E+003, 3.0699957E+002, 4.5958686E-001, 9.2521630E-004, 1.3858626E+001, 1.5811914E+000
 3.4560000E+003, 3.0799963E+002, 4.4876450E-001, 8.7785226E-004, 1.3149171E+001, 1.5012788E+000
 3.4680000E+003, 3.0899966E+002, 4.3853447E-001, 8.2659366E-004, 1.2381379E+001, 1.4149244E+000
 3.4800000E+003, 3.0999973E+002, 4.2893982E-001, 7.7207782E-004, 1.1564796E+001, 1.3231953E+000
 3.4920000E+003, 3.1099976E+002, 4.2001531E-001, 7.1502838E-004, 1.0710264E+001, 1.2273005E+000
 3.5040000E+003, 3.1199982E+002, 4.1178668E-001, 6.5623893E-004, 9.8296690E+000, 1.1285657E+000
 3.5160000E+003, 3.1299988E+002, 4.0426975E-001, 5.9655216E-004, 8.9356337E+000, 1.0283973E+000
 3.5280000E+003, 3.1399994E+002, 3.9747015E-001, 5.3683534E-004, 8.0411472E+000, 9.2824125E-001
 3.5400000E+003, 3.1499997E+002, 3.9138296E-001, 4.7795312E-004, 7.1591625E+000, 8.2953823E-001
 3.5520000E+003, 3.1600003E+002, 3.8599318E-001, 4.2073862E-004, 6.3021584E+000, 7.3367637E-001
 3.5640000E+003, 3.1700009E+002, 3.8127601E-001, 3.6596484E-004, 5.4817128E+000, 6.4194155E-001
 3.5760000E+003, 3.1800012E+002, 3.7719804E-001, 3.1431741E-004, 4.7080965E+000, 5.5547446E-001
 3.5880000E+003, 3.1900015E+002, 3.7371808E-001, 2.6637080E-004, 3.9899139E+000, 4.7522852E-001
 3.6000000E+003, 3.2000021E+002, 3.7078899E-001, 2.2256949E-004, 3.3338232E+000, 4.0194076E-001
 3.6120000E+003, 3.2100024E+002, 3.6835903E-001, 1.8321558E-004, 2.7443490E+000, 3.3611056E-001
 3.6240000E+003, 3.2200027E+002, 3.6637375E-001, 1.4846362E-004, 2.2238064E+000, 2.7798969E-001
 3.6360000E+003, 3.2300031E+002, 3.6477774E-001, 1.1832327E-004, 1.7723403E+000, 2.2759044E-001
 3.6480000E+003, 3.2400031E+002, 3.6351630E-001, 9.2669688E-005, 1.3880804E+000, 1.8469918E-001
 3.6600000E+003, 3.2500034E+002, 3.6253694E-001, 7.1260583E-005, 1.0673977E+000, 1.4890732E-001
 3.6720000E+003, 3.2600037E+002, 3.6179063E-001, 5.3758802E-005, 8.0524218E-001, 1.1964850E-001
 3.6840000E+003, 3.2700037E+002, 3.6123288E-001, 3.9758441E-005, 5.9553361E-001, 9.6241832E-002
 3.6960000E+003, 3.2800037E+002, 3.6082432E-001, 2.8812365E-005, 4.3157455E-001, 7.7938162E-002
 3.7080000E+003, 3.2900040E+002, 3.6053109E-001, 2.0459018E-005, 3.0645147E-001, 6.3964903E-002
 3.7200000E+003, 3.3000040E+002, 3.6032483E-001, 1.4246491E-005, 2.1339531E-001, 5.3566102E-002
 3.7320000E+003, 3.3100040E+002, 3.6018237E-001, 9.7523098E-006, 1.4607787E-001, 4.6034437E-002
 3.7440000E+003, 3.3200040E+002, 3.6008546E-001, 6.5979198E-006, 9.8828897E-002, 4.0737860E-002
 3.7560000E+003, 3.3300040E+002, 3.6001998E-001, 4.4575459E-006, 6.6768669E-002, 3.7131269E-002
 3.7680000E+003, 3.3400040E+002, 3.5997552E-001, 3.0616609E-006, 4.5859996E-002, 3.4763426E-002
 3.7800000E+003, 3.3500040E+002, 3.5994440E-001, 2.1958438E-006, 3.2891095E-002, 3.3276606E-002
 3.7920000E+003, 3.3600040E+002, 3.5992137E-001, 1.6961366E-006, 2.5406085E-002, 3.2396473E-002
 3.8040000E+003, 3.3700040E+002, 3.5990274E-001, 1.4421603E-006, 2.1601826E-002, 3.1921137E-002
 3.8160000E+003, 3.3800040E+002, 3.5988611E-001, 1.3491939E-006, 2.0209301E-002, 3.1709228E-002
 3.8280000E+003, 3.3900040E+002, 3.5986993E-001, 1.3602395E-006, 2.0374751E-002, 3.1663995E-002
 3.8400000E+003, 3.4000040E+002, 3.5985321E-001, 1.4388088E-006, 2.1551624E-002, 3.1724881E-002
 3.8520000E+003, 3.4100040E+002, 3.5983521E-001, 1.5628643E-006, 2.3409827E-002, 3.1853817E-002
 3.8640000E+003, 3.4200040E+002, 3.5981557E-001, 1.7200747E-006, 2.5764650E-002, 3.2029670E-002
 3.8760000E+003, 3.4300040E+002, 3.5979384E-001, 1.9043325E-006, 2.8524609E-002, 3.2241356E-002
 3.8880000E+003, 3.4400040E+002, 3.5976976E-001, 2.1133562E-006, 3.1655535E-002, 3.2483775E-002
 3.9000000E+003, 3.4500040E+002, 3.5974300E-001, 2.3471396E-006, 3.5157327E-002, 3.2755844E-002
 3.9120000E+003, 3.4600040E+002, 3.5971332E-001, 2.6070118E-006, 3.9049901E-002, 3.3059139E-002
 3.9240000E+003, 3.4700040E+002, 3.5968032E-001, 2.8951085E-006, 4.3365240E-002, 3.3395294E-002
 3.9360000E+003, 3.4800040E+002, 3.5964370E-001, 3.2140961E-006, 4.8143294E-002, 3.3767786E-002
 3.9480000E+003, 3.4900040E+002, 3.5960305E-001, 3.5670478E-006, 5.3430084E-002, 3.4179956E-002
 3.9600000E+003, 3.5000040E+002, 3.5955793E-001, 3.9573970E-006, 5.9277043E-002, 3.4635417E-002
 3.9720000E+003, 3.5100040E+002, 3.5950789E-001, 4.3889358E-006, 6.5740980E-002, 3.5139091E-002
 3.9840000E+003, 3.5200040E+002, 3.5945243E-001, 4.8658335E-006, 7.2884329E-002, 3.5696011E-002
 3.9960000E+003, 3.5300040E+002, 3.5939091E-001, 5.3926642E-006, 8.0775626E-002, 3.6310948E-002
 4.0080000E+003, 3.5400040E+002, 3.5932276E-001, 5.9744430E-006, 8.9489967E-002, 3.6990322E-002
 4.0200000E+003, 3.5500040E+002, 3.5924730E-001, 6.6166626E-006, 9.9109650E-002, 3.7739556E-002
 4.0320000E+003, 3.5600040E+002, 3.5916370E-001, 7.3253391E-006, 1.0972477E-001, 3.8566951E-002
 4.0440000E+003, 3.5700040E+002, 3.5907117E-001, 8.1070548E-006, 1.2143392E-001, 3.9479256E-002
 4.0560000E+003, 3.5800040E+002, 3.5896879E-001, 8.9690084E-006, 1.3434495E-001, 4.0485669E-002
 4.0680000E+003, 3.5900040E+002, 3.5885555E-001, 9.9190693E-006, 1.4857572E-001, 4.1594233E-002
 4.0800000E+003, 3.6000040E+002, 3.5873035E-001, 1.0965834E-005, 1.6425499E-001, 4.2816058E-002
 4.0920000E+003, 3.6100040E+002, 3.5859194E-001, 1.2118687E-005, 1.8152334E-001, 4.4161309E-002
 4.1040000E+003, 3.6200040E+002, 3.5843903E-001, 1.3387865E-005, 2.0053411E-001, 4.5642678E-002
 4.1160000E+003, 3.6300040E+002, 3.5827011E-001, 1.4784528E-005, 2.2145444E-001, 4.7272250E-002
 4.1280000E+003, 3.6400040E+002, 3.5808361E-001, 1.6320833E-005, 2.4446645E-001, 4.9065441E-002
 4.1400000E+003, 3.6500040E+002, 3.5787779E-001, 1.8010012E-005, 2.6976830E-001, 5.1036242E-002
 4.1520000E+003, 3.6600040E+002, 3.5765070E-001, 1.9866451E-005, 2.9757553E-001, 5.3202596E-002
 4.1640000E+003, 3.6700040E+002, 3.5740024E-001, 2.1905784E-005, 3.2812229E-001, 5.5581808E-002
 4.1760000E+003, 3.6800040E+002, 3.5712412E-001, 2.4144974E-005, 3.6166266E-001, 5.8194805E-002
 4.1880000E+003, 3.6900040E+002, 3.5681987E-001, 2.6602414E-005, 3.9847216E-001, 6.1061755E-002
 4.2000000E+003, 3.7000040E+002, 3.5648468E-001, 2.9298024E-005, 4.3884915E-001, 6.4206615E-002
 4.2120000E+003, 3.7100037E+002, 3.5611564E-001, 3.2253341E-005, 4.8311624E-001, 6.7654371E-002
 4.2240000E+003, 3.7200037E+002, 3.5570946E-001, 3.5491630E-005, 5.3162193E-001, 7.1432658E-002
 4.2360000E+003, 3.7300037E+002, 3.5526258E-001, 3.9037979E-005, 5.8474195E-001, 7.5569548E-002
 4.2480000E+003, 3.7400037E+002, 3.5477117E-001, 4.2919401E-005, 6.4288098E-001, 8.0097012E-002
 4.2600000E+003, 3.7500037E+002, 3.5423100E-001, 4.7164915E-005, 7.0647371E-001, 8.5049219E-002
 4.2720000E+003, 3.7600037E+002, 3.5363758E-001, 5.1805666E-005, 7.7598649E-001, 9.0462223E-002
 4.2840000E+003, 3.7700037E+002, 3.5298592E-001, 5.6874964E-005, 8.5191852E-001, 9.6374735E-002
 4.2960000E+003, 3.7800037E+002, 3.5227066E-001, 6.2408384E-005, 9.3480247E-001, 1.0282801E-001
 4.3080000E+003, 3.7900037E+002, 3.5148606E-001, 6.8443806E-005, 1.0252059E+000, 1.0986661E-001
 4.3200000E+003, 3.8000037E+002, 3.5062578E-001, 7.5021424E-005, 1.1237307E+000, 1.1753692E-001
 4.3320000E+003, 3.8100034E+002, 3.4968314E-001, 8.2183782E-005, 1.2310141E+000, 1.2588890E-001
 4.3440000E+003, 3.8200034E+002, 3.4865078E-001, 8.9975700E-005, 1.3477277E+000, 1.3497393E-001
 4.3560000E+003, 3.8300034E+002, 3.4752092E-001, 9.8444216E-005, 1.4745759E+000, 1.4484720E-001
 4.3680000E+003, 3.8400034E+002, 3.4628513E-001, 1.0763844E-004, 1.6122944E+000, 1.5556617E-001
 4.3800000E+003, 3.8500034E+002, 3.4493440E-001, 1.1760936E-004, 1.7616467E+000, 1.6718963E-001
 4.3920000E+003, 3.8600034E+002, 3.4345910E-001, 1.2840953E-004, 1.9234204E+000, 1.7977852E-001
 4.4040000E+003, 3.8700031E+002, 3.4184894E-001, 1.4009277E-004, 2.0984211E+000, 1.9339567E-001
 4.4160000E+003, 3.8800031E+002, 3.4009299E-001, 1.5271355E-004, 2.2874653E+000, 2.0810381E-001
 4.4280000E+003, 3.8900031E+002, 3.3817971E-001, 1.6632651E-004, 2.4913712E+000, 2.2396655E-001
 4.4400000E+003, 3.9000027E+002, 3.3609682E-001, 1.8098562E-004, 2.7109468E+000, 2.4104659E-001
 4.4520000E+003, 3.9100027E+002, 3.3383149E-001, 1.9674325E-004, 2.9469771E+000, 2.5940421E-001
 4.4640000E+003, 3.9200027E+002, 3.3137023E-001, 2.1364902E-004, 3.2002051E+000, 2.7909675E-001
 4.4760000E+003, 3.9300024E+002, 3.2869896E-001, 2.3174848E-004, 3.4713132E+000, 3.0017668E-001
 4.4880000E+003, 3.9400024E+002, 3.2580316E-001, 2.5108148E-004, 3.7608984E+000, 3.2268953E-001
 4.5000000E+003, 3.9500024E+002, 3.2266775E-001, 2.7168030E-004, 4.0694437E+000, 3.4667146E-001
 4.5120000E+003, 3.9600021E+002, 3.1927747E-001, 2.9356746E-004, 4.3972874E+000, 3.7214866E-001
 4.5240000E+003, 3.9700021E+002, 3.1561670E-001, 3.1675334E-004, 4.7445836E+000, 3.9913151E-001
 4.5360000E+003, 3.9800018E+002, 3.1166995E-001, 3.4123319E-004, 5.1112628E+000, 4.2761296E-001
 4.5480000E+003, 3.9900018E+002, 3.0742177E-001, 3.6698420E-004, 5.4969816E+000, 4.5756483E-001
 4.5600000E+003, 4.0000015E+002, 3.0285716E-001, 3.9396191E-004, 5.9010754E+000, 4.8893362E-001
 4.5720000E+003, 4.0100015E+002, 2.9796177E-001, 4.2209649E-004, 6.3224978E+000, 5.2163577E-001
 4.5840000E+003, 4.0200012E+002, 2.9272231E-001, 4.5128883E-004, 6.7597637E+000, 5.5555379E-001
 4.5960000E+003, 4.0300009E+002, 2.8712684E-001, 4.8140620E-004, 7.2108855E+000, 5.9052986E-001
 4.6080000E+003, 4.0400009E+002, 2.8116524E-001, 5.1227823E-004, 7.6733112E+000, 6.2636262E-001
 4.6200000E+003, 4.0500006E+002, 2.7482969E-001, 5.4369250E-004, 8.1438589E+000, 6.6280186E-001
 4.6320000E+003, 4.0600006E+002, 2.6811516E-001, 5.7539088E-004, 8.6186628E+000, 6.9954270E-001
 4.6440000E+003, 4.0700003E+002, 2.6102006E-001, 6.0706609E-004, 9.0931196E+000, 7.3622334E-001
 4.6560000E+003, 4.0800000E+002, 2.5354677E-001, 6.3835905E-004, 9.5618505E+000, 7.7242166E-001
 4.6680000E+003, 4.0900000E+002, 2.4570231E-001, 6.6885765E-004, 1.0018683E+001, 8.0765235E-001
 4.6800000E+003, 4.0999997E+002, 2.3749894E-001, 6.9809699E-004, 1.0456654E+001, 8.4137052E-001
 4.6920000E+003, 4.1099997E+002, 2.2895479E-001, 7.2556164E-004, 1.0868040E+001, 8.7297004E-001
 4.7040000E+003, 4.1199994E+002, 2.2009453E-001, 7.5069029E-004, 1.1244437E+001, 9.0179342E-001
 4.7160000E+003, 4.1299994E+002, 2.1094973E-001, 7.7288417E-004, 1.1576875E+001, 9.2713809E-001
 4.7280000E+003, 4.1399991E+002, 2.0155935E-001, 7.9151790E-004, 1.1855986E+001, 9.4827175E-001
 4.7400000E+003, 4.1499991E+002, 1.9196992E-001, 8.0595526E-004, 1.2072240E+001, 9.6444958E-001
 4.7520000E+003, 4.1599991E+002, 1.8223560E-001, 8.1556855E-004, 1.2216235E+001, 9.7493798E-001
 4.7640000E+003, 4.1699991E+002, 1.7241789E-001, 8.1976212E-004, 1.2279050E+001, 9.7904098E-001
 4.7760000E+003, 4.1799991E+002, 1.6258514E-001, 8.1800000E-004, 1.2252656E+001, 9.7613448E-001
 4.7880000E+003, 4.1899991E+002, 1.5281157E-001, 8.0983673E-004, 1.2130380E+001, 9.6569961E-001
 4.8000000E+003, 4.1999991E+002, 1.4317608E-001, 7.9494965E-004, 1.1907389E+001, 9.4736558E-001
 4.8120000E+003, 4.2099994E+002, 1.3376054E-001, 7.7317201E-004, 1.1581186E+001, 9.2094266E-001
 4.8240000E+003, 4.2199994E+002, 1.2464771E-001, 7.4452395E-004, 1.1152073E+001, 8.8646132E-001
 4.8360000E+003, 4.2299997E+002, 1.1591887E-001, 7.0923840E-004, 1.0623538E+001, 8.4420264E-001
 4.8480000E+003, 4.2400000E+002, 1.0765110E-001, 6.6777976E-004, 1.0002538E+001, 7.9472178E-001
 4.8600000E+003, 4.2500003E+002, 9.9914514E-002, 6.2085054E-004, 9.2995939E+000, 7.3884869E-001
 4.8720000E+003, 4.2600006E+002, 9.2769355E-002, 5.6938466E-004, 8.5286970E+000, 6.7768914E-001
 4.8840000E+003, 4.2700009E+002, 8.6263411E-002, 5.1452388E-004, 7.7069483E+000, 6.1258942E-001
 4.8960000E+003, 4.2800012E+002, 8.0429703E-002, 4.5757683E-004, 6.8539500E+000, 5.4509276E-001
 4.9080000E+003, 4.2900015E+002, 7.5284824E-002, 3.9996061E-004, 5.9909286E+000, 4.7686732E-001
 4.9200000E+003, 4.3000021E+002, 7.0828080E-002, 3.4312822E-004, 5.1396480E+000, 4.0962470E-001
 4.9320000E+003, 4.3100024E+002, 6.7041524E-002, 2.8848604E-004, 4.3211741E+000, 3.4501404E-001
 4.9440000E+003, 4.3200027E+002, 6.3891053E-002, 2.3730876E-004, 3.5545998E+000, 2.8453466E-001
 4.9560000E+003, 4.3300031E+002, 6.1328456E-002, 1.9065973E-004, 2.8558533E+000, 2.2943328E-001
 4.9680000E+003, 4.3400034E+002, 5.9294354E-002, 1.4932630E-004, 2.2367282E+000, 1.8063051E-001
 4.9800000E+003, 4.3500034E+002, 5.7721823E-002, 1.1377769E-004, 1.7042530E+000, 1.3867491E-001
 4.9920000E+003, 4.3600037E+002, 5.6540284E-002, 8.4151870E-005, 1.2604938E+000, 1.0371903E-001
 5.0040000E+003, 4.3700037E+002, 5.5679422E-002, 6.0273189E-005, 9.0281981E-001, 7.5553298E-002
 5.0160000E+003, 4.3800040E+002, 5.5072695E-002, 4.1699066E-005, 6.2460184E-001, 5.3648118E-002
 5.0280000E+003, 4.3900040E+002, 5.4660134E-002, 2.7788970E-005, 4.1624534E-001, 3.7249744E-002
 5.0400000E+003, 4.4000040E+002, 5.4390248E-002, 1.7785767E-005, 2.6640940E-001, 2.5458707E-002
 5.0520000E+003, 4.4100040E+002, 5.4220907E-002, 1.0897775E-005, 1.6323555E-001, 1.7339792E-002
 5.0640000E+003, 4.4200040E+002, 5.4119326E-002, 6.3704915E-006, 9.5422298E-002, 1.2005884E-002
 5.0760000E+003, 4.4300043E+002, 5.4061282E-002, 3.5397186E-006, 5.3020723E-002, 8.6713377E-003
 5.0880000E+003, 4.4400043E+002, 5.4029800E-002, 1.8620597E-006, 2.7891412E-002, 6.6925501E-003
 5.1000000E+003, 4.4500043E+002, 5.4013666E-002, 9.2338877E-007, 1.3831252E-002, 5.5892454E-003
 5.1120000E+003, 4.4600043E+002, 5.4005880E-002, 4.2967292E-007, 6.4359833E-003, 5.0059599E-003
 5.1240000E+003, 4.4700043E+002, 5.4002363E-002, 1.8668051E-007, 2.7962495E-003, 4.7184420E-003
 5.1360000E+003, 4.4800043E+002, 5.4000881E-002, 7.5327023E-008, 1.1283081E-003, 4.5893430E-003
 5.1480000E+003, 4.4900043E+002, 5.4000303E-002, 2.8067452E-008, 4.2041668E-004, 4.5339954E-003
 5.1600000E+003, 4.5000043E+002, 5.4000095E-002, 9.5979633E-009, 1.4376594E-004, 4.5124851E-003
 5.1720000E+003, 4.5100043E+002, 5.4000027E-002, 2.9922853E-009, 4.4820834E-005, 4.5059030E-003
 5.1840000E+003, 4.5200043E+002, 5.4000009E-002, 8.4447166E-010, 1.2649170E-005, 4.5033065E-003
 5.1960000E+003, 4.5300043E+002, 5.4000001E-002, 2.1409505E-010, 3.2068863E-006, 4.5017083E-003
 5.2080000E+003, 4.5400043E+002, 5.4000001E-002, 4.8361939E-011, 7.2440366E-007, 4.4984571E-003
 5.2200000E+003, 4.5500043E+002, 5.4000001E-002, 9.6482761E-012, 1.4451957E-007, 4.5019025E-003
 5.2320000E+003, 4.5600043E+002, 5.4000001E-002, 1.6839800E-012, 2.5223994E-008, 4.4994270E-003
 5.2440000E+003, 4.5700043E+002, 5.4000001E-002, 2.5454023E-013, 3.8127066E-009, 4.5014280E-003
 5.2560000E+003, 4.5800043E+002, 5.4000001E-002, 3.2959238E-014, 4.9368970E-010, 4.5005288E-003
 5.2680000E+003, 4.5900043E+002, 5.4000001E-002, 3.6134582E-015, 5.4125256E-011, 4.4998559E-003
 5.2800000E+003, 4.6000043E+002, 5.4000001E-002, 3.3124475E-016, 4.9616478E-012, 4.5007714E-003
 5.2920000E+003, 4.6100043E+002, 5.4000001E-002, 2.5050430E-017, 3.7522530E-013, 4.4999779E-003
 5.3040000E+003, 4.6200043E+002, 5.4000001E-002, 1.5404911E-018, 2.3074704E-014, 4.5000585E-003
 5.3160000E+003, 4.6300043E+002, 5.4000001E-002, 7.5851984E-020, 1.1361715E-015, 4.4992073E-003
 5.3280000E+003, 4.6400043E+002, 5.4000001E-002, 2.9413127E-021, 4.4057327E-017, 4.5004319E-003
 5.3400000E+003, 4.6500043E+002, 5.4000001E-002, 8.8240517E-023, 1.3217368E-018, 4.5011006E-003
 5.3520000E+003, 4.6600043E+002, 5.4000001E-002, 2.0094685E-024, 3.0099422E-020, 4.5012413E-003
 5.3640000E+003, 4.6700043E+002, 5.4000001E-002, 3.4034864E-026, 5.0980135E-022, 4.5006815E-003
 5.3760000E+003, 4.6800043E+002, 5.4000001E-002, 4.1947741E-028, 6.2832669E-024, 4.5000454E-003
 5.3880000E+003, 4.6900043E+002, 5.4000001E-002, 3.6751272E-030, 5.5048982E-026, 4.5013772E-003
 5.4000000E+003, 4.7000043E+002, 5.4000001E-002, 2.2321952E-032, 3.3435598E-028, 4.5015831E-003
 5.4120000E+003, 4.7100043E+002, 5.4000001E-002, 9.1502776E-035, 1.3706015E-030, 4.5004534E-003
 5.4240000E+003, 4.7200043E+002, 5.4000001E-002, 2.4598133E-037, 3.6845044E-033, 4.5004762E-003
 5.4360000E+003, 4.7300043E+002, 5.4000001E-002, 0.0000000E+000, 6.2987850E-036, 4.5004440E-003
 5.4480000E+003, 4.7400043E+002, 5.4000001E-002, 0.0000000E+000, 0.0000000E+000, 4.5009279E-003
 5.4600000E+003, 4.7500043E+002, 5.4000001E-002, 0.0000000E+000, 0.0000000E+000, 4.5000254E-003
 5.4720000E+003, 4.7600043E+002, 5.4000001E-002, 0.0000000E+000, 0.0000000E+000, 4.4996128E-003
 5.4840000E+003, 4.7700043E+002, 5.4000001E-002, 0.0000000E+000, 0.0000000E+000, 4.5010713E-003
 5.4960000E+003, 4.7800043E+002, 5.4000001E-002, 0.0000000E+000, 0.0000000E+000, 4.4999155E-003
 5.5080000E+003, 4.7900043E+002, 5.4000001E-002, 0.0000000E+000, 0.0000000E+000, 4.5014247E-003
 5.5200000E+003, 4.8000043E+002, 5.4000001E-002, 0.0000000E+000, 0.0000000E+000, 4.5001167E-003
 5.5320000E+003, 4.8100043E+002, 5.4000001E-002, 0.0000000E+000, 0.0000000E+000, 4.5011556E-003
 5.5440000E+003, 4.8200043E+002, 5.4000001E-002, 0.0000000E+000, 0.0000000E+000, 4.5005544E-003
 5.5560000E+003, 4.8300043E+002, 5.4000001E-002, 0.0000000E+000, 0.0000000E+000, 4.5008496E-003
 5.5680000E+003, 4.8400043E+002, 5.4000001E-002, 0.0000000E+000, 0.0000000E+000, 4.5000082E-003
 5.5800000E+003, 4.8500043E+002, 5.4000001E-002, 0.0000000E+000, 0.0000000E+000, 4.4997954E-003
 5.5920000E+003, 4.8600043E+002, 5.4000001E-002, 0.0000000E+000, 0.0000000E+000, 4.5000813E-003
 5.6040000E+003, 4.8700043E+002, 5.4000001E-002, 0.0000000E+000, 0.0000000E+000, 4.5003220E-003
 5.6160000E+003, 4.8800043E+002, 5.4000001E-002, 0.0000000E+000, 0.0000000E+000, 4.4996371E-003
 5.6280000E+003, 4.8900043E+002, 5.4000001E-002, 0.0000000E+000, 0.0000000E+000, 4.4999947E-003
 5.6400000E+003, 4.9000043E+002, 5.4000001E-002, 0.0000000E+000, 0.0000000E+000, 4.5006434E-003
 5.6520000E+003, 4.9100043E+002, 5.4000001E-002, 0.0000000E+000, 0.0000000E+000, 4.4990378E-003
 5.6640000E+003, 4.9200043E+002, 5.4000001E-002, 0.0000000E+000, 0.0000000E+000, 4.5007351E-003
 5.6760000E+003, 4.9300043E+002, 5.4000001E-002, 0.0000000E+000, 0.0000000E+000, 4.5009009E-003
 5.6880000E+003, 4.9400043E+002, 5.4000001E-002, 0.0000000E+000, 0.0000000E+000, 4.5010359E-003
 5.7000000E+003, 4.9500043E+002, 5.4000001E-002, 0.0000000E+000, 0.0000000E+000, 4.5005283E-003
 5.7120000E+003, 4.9600043E+002, 5.4000001E-002, 0.0000000E+000, 0.0000000E+000, 4.5012506E-003
 5.7240000E+003, 4.9700043E+002, 5.4000001E-002, 0.0000000E+000, 0.0000000E+000, 4.5007570E-003
 5.7360000E+003, 4.9800043E+002, 5.4000001E-002, 0.0000000E+000, 0.0000000E+000, 4.5005921E-003
 5.7480000E+003, 4.9900043E+002, 5.4000001E-002, 0.0000000E+000, 0.0000000E+000, 4.4992999E-003
 5.7600000E+003, 5.0000043E+002, 5.4000001E-002, 0.0000000E+000, 0.0000000E+000, 4.5001456E-003
 5.7720000E+003, 5.0100043E+002, 5.4000001E-002, 0.0000000E+000, 0.0000000E+000, 4.5006513E-003
 5.7840000E+003, 5.0200043E+002, 5.4000001E-002, 0.0000000E+000, 0.0000000E+000, 4.5005744E-003
 5.7960000E+003, 5.0300043E+002, 5.4000001E-002, 0.0000000E+000, 0.0000000E+000, 4.5005488E-003
 5.8080000E+003, 5.0400043E+002, 5.4000001E-002, 0.0000000E+000, 0.0000000E+000, 4.4994503E-003
 5.8200000E+003, 5.0500043E+002, 5.4000001E-002, 0.0000000E+000, 0.0000000E+000, 4.5010257E-003
 5.8320000E+003, 5.0600043E+002, 5.4000001E-002, 0.0000000E+000, 0.0000000E+000, 4.5014489E-003
 5.8440000E+003, 5.0700043E+002, 5.4000001E-002, 0.0000000E+000, 0.0000000E+000, 4.5010434E-003
 5.8560000E+003, 5.0800043E+002, 5.4000001E-002, 0.0000000E+000, 0.0000000E+000, 4.5012091E-003
 5.8680000E+003, 5.0900043E+002, 5.4000001E-002, 0.0000000E+000, 0.0000000E+000, 4.5012734E-003
 5.8800000E+003, 5.1000043E+002, 5.4000001E-002, 0.0000000E+000, 0.0000000E+000, 4.4998960E-003
 5.8920000E+003, 5.1100043E+002, 5.4000001E-002, 0.0000000E+000, 0.0000000E+000, 4.5005302E-003
 5.9040000E+003, 5.1200043E+002, 5.4000001E-002, 0.0000000E+000, 0.0000000E+000, 4.4986755E-003
 5.9160000E+003, 5.1300043E+002, 5.4000001E-002, 0.0000000E+000, 0.0000000E+000, 4.5015891E-003
 5.9280000E+003, 5.1400043E+002, 5.4000001E-002, 0.0000000E+000, 0.0000000E+000, 4.5004520E-003
 5.9400000E+003, 5.1500043E+002, 5.4000001E-002, 0.0000000E+000, 0.0000000E+000, 4.5011500E-003
 5.9520000E+003, 5.1600043E+002, 5.4000001E-002, 0.0000000E+000, 0.0000000E+000, 4.4989353E-003
 5.9640000E+003, 5.1700043E+002, 5.4000001E-002, 0.0000000E+000, 0.0000000E+000, 4.5003728E-003
 5.9760000E+003, 5.1800043E+002, 5.4000001E-002, 0.0000000E+000, 0.0000000E+000, 4.5012222E-003
 5.9880000E+003, 5.1900043E+002, 5.4000001E-002, 0.0000000E+000, 0.0000000E+000, 4.5012352E-003
 6.0000000E+003, 5.2000043E+002, 5.4000001E-002, 0.0000000E+000, 0.0000000E+000, 4.5019672E-003
 6.0120000E+003, 5.2100043E+002, 5.4000001E-002, 0.0000000E+000, 0.0000000E+000, 4.5007570E-003
 6.0240000E+003, 5.2200043E+002, 5.4000001E-002, 0.0000000E+000, 0.0000000E+000, 4.5004273E-003
 6.0360000E+003, 5.2300043E+002, 5.4000001E-002, 0.0000000E+000, 0.0000000E+000, 4.5001665E-003
 6.0480000E+003, 5.2400043E+002, 5.4000001E-002, 0.0000000E+000, 0.0000000E+000, 4.5006140E-003
 6.0600000E+003, 5.2500043E+002, 5.4000001E-002, 0.0000000E+000, 0.0000000E+000, 4.5006103E-003
 6.0720000E+003, 5.2600043E+002, 5.4000001E-002, 0.0000000E+000, 0.0000000E+000, 4.5011477E-003
 6.0840000E+003, 5.2700043E+002, 5.4000001E-002, 0.0000000E+000, 0.0000000E+000, 4.4996827E-003
 6.0960000E+003, 5.2800043E+002, 5.4000001E-002, 0.0000000E+000, 0.0000000E+000, 4.5019034E-003
 6.1080000E+003, 5.2900043E+002, 5.4000001E-002, 0.0000000E+000, 0.0000000E+000, 4.5002992E-003
 6.1200000E+003, 5.3000043E+002, 5.4000001E-002, 0.0000000E+000, 0.0000000E+000, 4.5026536E-003
 6.1320000E+003, 5.3100043E+002, 5.4000001E-002, 0.0000000E+000, 0.0000000E+000, 4.5005777E-003
 6.1440000E+003, 5.3200043E+002, 5.4000001E-002, 0.0000000E+000, 0.0000000E+000, 4.5004757E-003
 6.1560000E+003, 5.3300043E+002, 5.4000001E-002, 0.0000000E+000, 0.0000000E+000, 4.5017512E-003
 6.1680000E+003, 5.3400043E+002, 5.4000001E-002, 0.0000000E+000, 0.0000000E+000, 4.5011779E-003
 6.1800000E+003, 5.3500043E+002, 5.4000001E-002, 0.0000000E+000, 0.0000000E+000, 4.4998918E-003
 6.1920000E+003, 5.3600043E+002, 5.4000001E-002, 0.0000000E+000, 0.0000000E+000, 4.5009893E-003
 6.2040000E+003, 5.3700043E+002, 5.4000001E-002, 0.0000000E+000, 0.0000000E+000, 4.5018238E-003
 6.2160000E+003, 5.3800043E+002, 5.4000001E-002, 0.0000000E+000, 0.0000000E+000, 4.5019737E-003
 6.2280000E+003, 5.3900043E+002, 5.4000001E-002, 0.0000000E+000, 0.0000000E+000, 4.5012552E-003
 6.2400000E+003, 5.4000043E+002, 5.4000001E-002, 0.0000000E+000, 0.0000000E+000, 4.5018834E-003
 6.2520000E+003, 5.4100043E+002, 5.4000001E-002, 0.0000000E+000, 0.0000000E+000, 4.5000631E-003
 6.2640000E+003, 5.4200043E+002, 5.4000001E-002, 0.0000000E+000, 0.0000000E+000, 4.5019216E-003
 6.2760000E+003, 5.4300043E+002, 5.4000001E-002, 0.0000000E+000, 0.0000000E+000, 4.5004617E-003
 6.2880000E+003, 5.4400043E+002, 5.4000001E-002, 0.0000000E+000, 0.0000000E+000, 4.5010005E-003
 6.3000000E+003, 5.4500043E+002, 5.4000001E-002, 0.0000000E+000, 0.0000000E+000, 4.5006070E-003
 6.3120000E+003, 5.4600043E+002, 5.4000001E-002, 0.0000000E+000, 0.0000000E+000, 4.5014196E-003
 6.3240000E+003, 5.4700043E+002, 5.4000001E-002, 0.0000000E+000, 0.0000000E+000, 4.5013344E-003
 6.3360000E+003, 5.4800043E+002, 5.4000001E-002, 0.0000000E+000, 0.0000000E+000, 4.5008534E-003
 6.3480000E+003, 5.4900043E+002, 5.4000001E-002, 0.0000000E+000, 0.0000000E+000, 4.4987942E-003
 6.3600000E+003, 5.5000043E+002, 5.4000001E-002, 0.0000000E+000, 0.0000000E+000, 4.4999328E-003
 6.3720000E+003, 5.5100043E+002, 5.4000001E-002, 0.0000000E+000, 0.0000000E+000, 4.4993809E-003
 6.3840000E+003, 5.5200043E+002, 5.4000001E-002, 0.0000000E+000, 0.0000000E+000, 4.5003216E-003
 6.3960000E+003, 5.5300043E+002, 5.4000001E-002, 0.0000000E+000, 0.0000000E+000, 4.5001367E-003
 6.4080000E+003, 5.5400043E+002, 5.4000001E-002, 0.0000000E+000, 0.0000000E+000, 4.5012687E-003
 6.4200000E+003, 5.5500043E+002, 5.4000001E-002, 0.0000000E+000, 0.0000000E+000, 4.5002420E-003
 6.4320000E+003, 5.5600043E+002, 5.4000001E-002, 0.0000000E+000, 0.0000000E+000, 4.5006122E-003
 6.4440000E+003, 5.5700043E+002, 5.4000001E-002, 0.0000000E+000, 0.0000000E+000, 4.5003523E-003
 6.4560000E+003, 5.5800043E+002, 5.4000001E-002, 0.0000000E+000, 0.0000000E+000, 4.5001116E-003
 6.4680000E+003, 5.5900043E+002, 5.4000001E-002, 0.0000000E+000, 0.0000000E+000, 4.5007174E-003
 6.4800000E+003, 5.6000043E+002, 5.4000001E-002, 0.0000000E+000, 0.0000000E+000, 4.5014997E-003
 6.4920000E+003, 5.6100043E+002, 5.4000001E-002, 0.0000000E+000, 0.0000000E+000, 4.5006089E-003
 6.5040000E+003, 5.6200043E+002, 5.4000001E-002, 0.0000000E+000, 0.0000000E+000, 4.5011779E-003
 6.5160000E+003, 5.6300043E+002, 5.4000001E-002, 0.0000000E+000, 0.0000000E+000, 4.5004510E-003
 6.5280000E+003, 5.6400043E+002, 5.4000001E-002, 0.0000000E+000, 0.0000000E+000, 4.5015090E-003
 6.5400000E+003, 5.6500043E+002, 5.4000001E-002, 0.0000000E+000, 0.0000000E+000, 4.5011668E-003
 6.5520000E+003, 5.6600043E+002, 5.4000001E-002, 0.0000000E+000, 0.0000000E+000, 4.5012170E-003
 6.5640000E+003, 5.6700043E+002, 5.4000001E-002, 0.0000000E+000, 0.0000000E+000, 4.5008608E-003
 6.5760000E+003, 5.6800043E+002, 5.4000001E-002, 0.0000000E+000, 0.0000000E+000, 4.5001665E-003
 6.5880000E+003, 5.6900043E+002, 5.4000001E-002, 0.0000000E+000, 0.0000000E+000, 4.5002196E-003
 6.6000000E+003, 5.7000043E+002, 5.4000001E-002, 0.0000000E+000, 0.0000000E+000, 4.5008822E-003
 6.6120000E+003, 5.7100043E+002, 5.4000001E-002, 0.0000000E+000, 0.0000000E+000, 4.5006527E-003
 6.6240000E+003, 5.7200043E+002, 5.4000001E-002, 0.0000000E+000, 0.0000000E+000, 4.5005190E-003
 6.6360000E+003, 5.7300043E+002, 5.4000001E-002, 0.0000000E+000, 0.0000000E+000, 4.5006843E-003
 6.6480000E+003, 5.7400043E+002, 5.4000001E-002, 0.0000000E+000, 0.0000000E+000, 4.4996860E-003
 6.6600000E+003, 5.7500043E+002, 5.4000001E-002, 0.0000000E+000, 0.0000000E+000, 4.5000091E-003
 6.6720000E+003, 5.7600043E+002, 5.4000001E-002, 0.0000000E+000, 0.0000000E+000, 4.5007090E-003
 6.6840000E+003, 5.7700043E+002, 5.4000001E-002, 0.0000000E+000, 0.0000000E+000, 4.5004319E-003
 6.6960000E+003, 5.7800043E+002, 5.4000001E-002, 0.0000000E+000, 0.0000000E+000, 4.5002331E-003
 6.7080000E+003, 5.7900043E+002, 5.4000001E-002, 0.0000000E+000, 0.0000000E+000, 4.5012222E-003
 6.7200000E+003, 5.8000043E+002, 5.4000001E-002, 0.0000000E+000, 0.0000000E+000, 4.5018820E-003
 6.7320000E+003, 5.8100043E+002, 5.4000001E-002, 0.0000000E+000, 0.0000000E+000, 4.5016287E-003
 6.7440000E+003, 5.8200043E+002, 5.4000001E-002, 0.0000000E+000, 0.0000000E+000, 4.5006447E-003
 6.7560000E+003, 5.8300043E+002, 5.4000001E-002, 0.0000000E+000, 0.0000000E+000, 4.4999029E-003
 6.7680000E+003, 5.8400043E+002, 5.4000001E-002, 0.0000000E+000, 0.0000000E+000, 4.5015179E-003
 6.7800000E+003, 5.8500043E+002, 5.4000001E-002, 0.0000000E+000, 0.0000000E+000, 4.5024529E-003
 6.7920000E+003, 5.8600043E+002, 5.4000001E-002, 0.0000000E+000, 0.0000000E+000, 4.5024008E-003
 6.8040000E+003, 5.8700043E+002, 5.4000001E-002, 0.0000000E+000, 0.0000000E+000, 4.5013484E-003
 6.8160000E+003, 5.8800043E+002, 5.4000001E-002, 0.0000000E+000, 0.0000000E+000, 4.4986815E-003
 6.8280000E+003, 5.8900043E+002, 5.4000001E-002, 0.0000000E+000, 0.0000000E+000, 4.5013679E-003
 6.8400000E+003, 5.9000043E+002, 5.4000001E-002, 0.0000000E+000, 0.0000000E+000, 4.5002461E-003
 6.8520000E+003, 5.9100043E+002, 5.4000001E-002, 0.0000000E+000, 0.0000000E+000, 4.5002289E-003
 6.8640000E+003, 5.9200043E+002, 5.4000001E-002, 0.0000000E+000, 0.0000000E+000, 4.5008105E-003
 6.8760000E+003, 5.9300043E+002, 5.4000001E-002, 0.0000000E+000, 0.0000000E+000, 4.5001651E-003
 6.8880000E+003, 5.9400043E+002, 5.4000001E-002, 0.0000000E+000, 0.0000000E+000, 4.4993209E-003
 6.9000000E+003, 5.9500043E+002, 5.4000001E-002, 0.0000000E+000, 0.0000000E+000, 4.5013274E-003
 6.9120000E+003, 5.9600043E+002, 5.4000001E-002, 0.0000000E+000, 0.0000000E+000, 4.5006932E-003
 6.9240000E+003, 5.9700043E+002, 5.4000001E-002, 0.0000000E+000, 0.0000000E+000, 4.5012934E-003
 6.9360000E+003, 5.9800043E+002, 5.4000001E-002, 0.0000000E+000, 0.0000000E+000, 4.5016501E-003
 6.9480000E+003, 5.9900043E+002, 5.4000001E-002, 0.0000000E+000, 0.0000000E+000, 4.5002438E-003
 6.9600000E+003, 6.0000043E+002, 5.4000001E-002, 0.0000000E+000, 0.0000000E+000, 4.4998373E-003
 6.9720000E+003, 6.0100043E+002, 5.4000001E-002, 0.0000000E+000, 0.0000000E+000, 4.5005539E-003
 6.9840000E+003, 6.0200043E+002, 5.4000001E-002, 0.0000000E+000, 0.0000000E+000, 4.5013991E-003
 6.9960000E+003, 6.0300043E+002, 5.4000001E-002, 0.0000000E+000, 0.0000000E+000, 4.5000813E-003
 7.0080000E+003, 6.0400043E+002, 5.4000001E-002, 0.0000000E+000, 0.0000000E+000, 4.5012119E-003
 7.0200000E+003, 6.0500043E+002, 5.4000001E-002, 0.0000000E+000, 0.0000000E+000, 4.5024180E-003
 7.0320000E+003, 6.0600043E+002, 5.4000001E-002, 0.0000000E+000, 0.0000000E+000, 4.5015421E-003
 7.0440000E+003, 6.0700043E+002, 5.4000001E-002, 0.0000000E+000, 0.0000000E+000, 4.4997088E-003
 7.0560000E+003, 6.0800043E+002, 5.4000001E-002, 0.0000000E+000, 0.0000000E+000, 4.5000142E-003
 7.0680000E+003, 6.0900043E+002, 5.4000001E-002, 0.0000000E+000, 0.0000000E+000, 4.4992850E-003
 7.0800000E+003, 6.1000043E+002, 5.4000001E-002, 0.0000000E+000, 0.0000000E+000, 4.5000003E-003
 7.0920000E+003, 6.1100043E+002, 5.4000001E-002, 0.0000000E+000, 0.0000000E+000, 4.5001768E-003
 7.1040000E+003, 6.1200043E+002, 5.4000001E-002, 0.0000000E+000, 0.0000000E+000, 4.5010182E-003
 7.1160000E+003, 6.1300043E+002, 5.4000001E-002, 0.0000000E+000, 0.0000000E+000, 4.5008748E-003
 7.1280000E+003, 6.1400043E+002, 5.4000001E-002, 0.0000000E+000, 0.0000000E+000, 4.5003081E-003
 7.1400000E+003, 6.1500043E+002, 5.4000001E-002, 0.0000000E+000, 0.0000000E+000, 4.5002014E-003
 7.1520000E+003, 6.1600043E+002, 5.4000001E-002, 0.0000000E+000, 0.0000000E+000, 4.5024646E-003
 7.1640000E+003, 6.1700043E+002, 5.4000001E-002, 0.0000000E+000, 0.0000000E+000, 4.4992943E-003
 7.1760000E+003, 6.1800043E+002, 5.4000001E-002, 0.0000000E+000, 0.0000000E+000, 4.5011751E-003
 7.1880000E+003, 6.1900043E+002, 5.4000001E-002, 0.0000000E+000, 0.0000000E+000, 4.5003211E-003
 7.2000000E+003, 6.2000043E+002, 5.4000001E-002, 0.0000000E+000, 0.0000000E+000, 4.5007407E-003
 7.2120000E+003, 6.2100043E+002, 5.4000001E-002, 0.0000000E+000, 0.0000000E+000, 4.4999463E-003
 7.2240000E+003, 6.2200043E+002, 5.4000001E-002, 0.0000000E+000, 0.0000000E+000, 4.5007961E-003
 7.2360000E+003, 6.2300043E+002, 5.4000001E-002, 0.0000000E+000, 0.0000000E+000, 4.5014368E-003
 7.2480000E+003, 6.2400043E+002, 5.4000001E-002, 0.0000000E+000, 0.0000000E+000, 4.5012659E-003
 7.2600000E+003, 6.2500043E+002, 5.4000001E-002, 0.0000000E+000, 0.0000000E+000, 4.4997791E-003
 7.2720000E+003, 6.2600043E+002, 5.4000001E-002, 0.0000000E+000, 0.0000000E+000, 4.5014564E-003
 7.2840000E+003, 6.2700043E+002, 5.4000001E-002, 0.0000000E+000, 0.0000000E+000, 4.5003188E-003
 7.2960000E+003, 6.2800043E+002, 5.4000001E-002, 0.0000000E+000, 0.0000000E+000, 4.5013460E-003
 7.3080000E+003, 6.2900043E+002, 5.4000001E-002, 0.0000000E+000, 0.0000000E+000, 4.5004534E-003
 7.3200000E+003, 6.3000043E+002, 5.4000001E-002, 0.0000000E+000, 0.0000000E+000, 4.5002499E-003
 7.3320000E+003, 6.3100043E+002, 5.4000001E-002, 0.0000000E+000, 0.0000000E+000, 4.4992999E-003
 7.3440000E+003, 6.3200043E+002, 5.4000001E-002, 0.0000000E+000, 0.0000000E+000, 4.5007085E-003
 7.3560000E+003, 6.3300043E+002, 5.4000001E-002, 0.0000000E+000, 0.0000000E+000, 4.4989283E-003
 7.3680000E+003, 6.3400043E+002, 5.4000001E-002, 0.0000000E+000, 0.0000000E+000, 4.4995747E-003
 7.3800000E+003, 6.3500043E+002, 5.4000001E-002, 0.0000000E+000, 0.0000000E+000, 4.5001847E-003
 7.3920000E+003, 6.3600043E+002, 5.4000001E-002, 0.0000000E+000, 0.0000000E+000, 4.5008515E-003
 7.4040000E+003, 6.3700043E+002, 5.4000001E-002, 0.0000000E+000, 0.0000000E+000, 4.5016659E-003
 7.4160000E+003, 6.3800043E+002, 5.4000001E-002, 0.0000000E+000, 0.0000000E+000, 4.5014210E-003
 7.4280000E+003, 6.3900043E+002, 5.4000001E-002, 0.0000000E+000, 0.0000000E+000, 4.5014308E-003
 7.4400000E+003, 6.4000043E+002, 5.4000001E-002, 0.0000000E+000, 0.0000000E+000, 4.5001647E-003
 7.4520000E+003, 6.4100043E+002, 5.4000001E-002, 0.0000000E+000, 0.0000000E+000, 4.5012706E-003
 7.4640000E+003, 6.4200043E+002, 5.4000001E-002, 0.0000000E+000, 0.0000000E+000, 4.5002787E-003
 7.4760000E+003, 6.4300043E+002, 5.4000001E-002, 0.0000000E+000, 0.0000000E+000, 4.5012282E-003
 7.4880000E+003, 6.4400043E+002, 5.4000001E-002, 0.0000000E+000, 0.0000000E+000, 4.5000687E-003
 7.5000000E+003, 6.4500043E+002, 5.4000001E-002, 0.0000000E+000, 0.0000000E+000, 4.5022559E-003
 7.5120000E+003, 6.4600043E+002, 5.4000001E-002, 0.0000000E+000, 0.0000000E+000, 4.5003733E-003
 7.5240000E+003, 6.4700043E+002, 5.4000001E-002, 0.0000000E+000, 0.0000000E+000, 4.5001800E-003
 7.5360000E+003, 6.4800043E+002, 5.4000001E-002, 0.0000000E+000, 0.0000000E+000, 4.5014960E-003
 7.5480000E+003, 6.4900043E+002, 5.4000001E-002, 0.0000000E+000, 0.0000000E+000, 4.4996180E-003
 7.5600000E+003, 6.5000043E+002, 5.4000001E-002, 0.0000000E+000, 0.0000000E+000, 4.5009237E-003
 7.5720000E+003, 6.5100043E+002, 5.4000001E-002, 0.0000000E+000, 0.0000000E+000, 4.5006424E-003
 7.5840000E+003, 6.5200043E+002, 5.4000001E-002, 0.0000000E+000, 0.0000000E+000, 4.4992710E-003
 7.5960000E+003, 6.5300043E+002, 5.4000001E-002, 0.0000000E+000, 0.0000000E+000, 4.4991793E-003
 7.6080000E+003, 6.5400043E+002, 5.4000001E-002, 0.0000000E+000, 0.0000000E+000, 4.4986443E-003
 7.6200000E+003, 6.5500043E+002, 5.4000001E-002, 0.0000000E+000, 0.0000000E+000, 4.5007085E-003
 7.6320000E+003, 6.5600043E+002, 5.4000001E-002, 0.0000000E+000, 0.0000000E+000, 4.5000641E-003
 7.6440000E+003, 6.5700043E+002, 5.4000001E-002, 0.0000000E+000, 0.0000000E+000, 4.5014629E-003
 7.6560000E+003, 6.5800043E+002, 5.4000001E-002, 0.0000000E+000, 0.0000000E+000, 4.5012035E-003
 7.6680000E+003, 6.5900043E+002, 5.4000001E-002, 0.0000000E+000, 0.0000000E+000, 4.5009833E-003
 7.6800000E+003, 6.6000043E+002, 5.4000001E-002, 0.0000000E+000, 0.0000000E+000, 4.5009358E-003
 7.6920000E+003, 6.6100043E+002, 5.4000001E-002, 0.0000000E+000, 0.0000000E+000, 4.4994913E-003
 7.7040000E+003, 6.6200043E+002, 5.4000001E-002, 0.0000000E+000, 0.0000000E+000, 4.5007798E-003
 7.7160000E+003, 6.6300043E+002, 5.4000001E-002, 0.0000000E+000, 0.0000000E+000, 4.5000729E-003
 7.7280000E+003, 6.6400043E+002, 5.4000001E-002, 0.0000000E+000, 0.0000000E+000, 4.5016287E-003
 7.7400000E+003, 6.6500043E+002, 5.4000001E-002, 0.0000000E+000, 0.0000000E+000, 4.4993581E-003
 7.7520000E+003, 6.6600043E+002, 5.4000001E-002, 0.0000000E+000, 0.0000000E+000, 4.5003998E-003
 7.7640000E+003, 6.6700043E+002, 5.4000001E-002, 0.0000000E+000, 0.0000000E+000, 4.5011528E-003
 7.7760000E+003, 6.6800043E+002, 5.4000001E-002, 0.0000000E+000, 0.0000000E+000, 4.5014983E-003
 7.7880000E+003, 6.6900043E+002, 5.4000001E-002, 0.0000000E+000, 0.0000000E+000, 4.5002718E-003
 7.8000000E+003, 6.7000043E+002, 5.4000001E-002, 0.0000000E+000, 0.0000000E+000, 4.5002084E-003
 7.8120000E+003, 6.7100043E+002, 5.4000001E-002, 0.0000000E+000, 0.0000000E+000, 4.5009921E-003
 7.8240000E+003, 6.7200043E+002, 5.4000001E-002, 0.0000000E+000, 0.0000000E+000, 4.5009498E-003
 7.8360000E+003, 6.7300043E+002, 5.4000001E-002, 0.0000000E+000, 0.0000000E+000, 4.5006583E-003
 7.8480000E+003, 6.7400043E+002, 5.4000001E-002, 0.0000000E+000, 0.0000000E+000, 4.5005768E-003
 7.8600000E+003, 6.7500043E+002, 5.4000001E-002, 0.0000000E+000, 0.0000000E+000, 4.5007239E-003
 7.8720000E+003, 6.7600043E+002, 5.4000001E-002, 0.0000000E+000, 0.0000000E+000, 4.5012413E-003
 7.8840000E+003, 6.7700043E+002, 5.4000001E-002, 0.0000000E+000, 0.0000000E+000, 4.5011919E-003
 7.8960000E+003, 6.7800043E+002, 5.4000001E-002, 0.0000000E+000, 0.0000000E+000, 4.5009940E-003
 7.9080000E+003, 6.7900043E+002, 5.4000001E-002, 0.0000000E+000, 0.0000000E+000, 4.5010201E-003
 7.9200000E+003, 6.8000043E+002, 5.4000001E-002, 0.0000000E+000, 0.0000000E+000, 4.5001800E-003
 7.9320000E+003, 6.8100043E+002, 5.4000001E-002, 0.0000000E+000, 0.0000000E+000, 4.4997004E-003
 7.9440000E+003, 6.8200043E+002, 5.4000001E-002, 0.0000000E+000, 0.0000000E+000, 4.5001367E-003
 7.9560000E+003, 6.8300043E+002, 5.4000001E-002, 0.0000000E+000, 0.0000000E+000, 4.5014028E-003
 7.9680000E+003, 6.8400043E+002, 5.4000001E-002, 0.0000000E+000, 0.0000000E+000, 4.5013395E-003
 7.9800000E+003, 6.8500043E+002, 5.4000001E-002, 0.0000000E+000, 0.0000000E+000, 4.4990461E-003
 7.9920000E+003, 6.8600043E+002, 5.4000001E-002, 0.0000000E+000, 0.0000000E+000, 4.5013032E-003
 8.0040000E+003, 6.8700043E+002, 5.4000001E-002, 0.0000000E+000, 0.0000000E+000, 4.4998042E-003
 8.0160000E+003, 6.8800043E+002, 5.4000001E-002, 0.0000000E+000, 0.0000000E+000, 4.5001777E-003
 8.0280000E+003, 6.8900043E+002, 5.4000001E-002, 0.0000000E+000, 0.0000000E+000, 4.5001106E-003
 8.0400000E+003, 6.9000043E+002, 5.4000001E-002, 0.0000000E+000, 0.0000000E+000, 4.5012720E-003
 8.0520000E+003, 6.9100043E+002, 5.4000001E-002, 0.0000000E+000, 0.0000000E+000, 4.5002061E-003
 8.0640000E+003, 6.9200043E+002, 5.4000001E-002, 0.0000000E+000, 0.0000000E+000, 4.4999188E-003
 8.0760000E+003, 6.9300043E+002, 5.4000001E-002, 0.0000000E+000, 0.0000000E+000, 4.4999151E-003
 8.0880000E+003, 6.9400043E+002, 5.4000001E-002, 0.0000000E+000, 0.0000000E+000, 4.5002289E-003
 8.1000000E+003, 6.9500043E+002, 5.4000001E-002, 0.0000000E+000, 0.0000000E+000, 4.5007761E-003
 8.1120000E+003, 6.9600043E+002, 5.4000001E-002, 0.0000000E+000, 0.0000000E+000, 4.5004147E-003
 8.1240000E+003, 6.9700043E+002, 5.4000001E-002, 0.0000000E+000, 0.0000000E+000, 4.5008827E-003
 8.1360000E+003, 6.9800043E+002, 5.4000001E-002, 0.0000000E+000, 0.0000000E+000, 4.5005977E-003
 8.1480000E+003, 6.9900043E+002, 5.4000001E-002, 0.0000000E+000, 0.0000000E+000, 4.5021432E-003
 8.1600000E+003, 7.0000043E+002, 5.4000001E-002, 0.0000000E+000, 0.0000000E+000, 4.5009013E-003
 8.1720000E+003, 7.0100043E+002, 5.4000001E-002, 0.0000000E+000, 0.0000000E+000, 4.5004021E-003
 8.1840000E+003, 7.0200043E+002, 5.4000001E-002, 0.0000000E+000, 0.0000000E+000, 4.5018913E-003
 8.1960000E+003, 7.0300043E+002, 5.4000001E-002, 0.0000000E+000, 0.0000000E+000, 4.5004277E-003
 8.2080000E+003, 7.0400043E+002, 5.4000001E-002, 0.0000000E+000, 0.0000000E+000, 4.5005330E-003
 8.2200000E+003, 7.0500043E+002, 5.4000001E-002, 0.0000000E+000, 0.0000000E+000, 4.5000105E-003
 8.2320000E+003, 7.0600043E+002, 5.4000001E-002, 0.0000000E+000, 0.0000000E+000, 4.5005204E-003
 8.2440000E+003, 7.0700043E+002, 5.4000001E-002, 0.0000000E+000, 0.0000000E+000, 4.5006964E-003
 8.2560000E+003, 7.0800043E+002, 5.4000001E-002, 0.0000000E+000, 0.0000000E+000, 4.5014918E-003
 8.2680000E+003, 7.0900043E+002, 5.4000001E-002, 0.0000000E+000, 0.0000000E+000, 4.5001232E-003
 8.2800000E+003, 7.1000043E+002, 5.4000001E-002, 0.0000000E+000, 0.0000000E+000, 4.5002964E-003
 8.2920000E+003, 7.1100043E+002, 5.4000001E-002, 0.0000000E+000, 0.0000000E+000, 4.4993153E-003
 8.3040000E+003, 7.1200043E+002, 5.4000001E-002, 0.0000000E+000, 0.0000000E+000, 4.5012371E-003
 8.3160000E+003, 7.1300043E+002, 5.4000001E-002, 0.0000000E+000, 0.0000000E+000, 4.5015733E-003
 8.3280000E+003, 7.1400043E+002, 5.4000001E-002, 0.0000000E+000, 0.0000000E+000, 4.5011728E-003
 8.3400000E+003, 7.1500043E+002, 5.4000001E-002, 0.0000000E+000, 0.0000000E+000, 4.5026275E-003
 8.3520000E+003, 7.1600043E+002, 5.4000001E-002, 0.0000000E+000, 0.0000000E+000, 4.5013721E-003
 8.3640000E+003, 7.1700043E+002, 5.4000001E-002, 0.0000000E+000, 0.0000000E+000, 4.4998080E-003
 8.3760000E+003, 7.1800043E+002, 5.4000001E-002, 0.0000000E+000, 0.0000000E+000, 4.5008687E-003
 8.3880000E+003, 7.1900043E+002, 5.4000001E-002, 0.0000000E+000, 0.0000000E+000, 4.4998848E-003
 8.4000000E+003, 7.2000043E+002, 5.4000001E-002, 0.0000000E+000, 0.0000000E+000, 4.5007314E-003
 8.4120000E+003, 7.2100043E+002, 5.4000001E-002, 0.0000000E+000, 0.0000000E+000, 4.5007742E-003
 8.4240000E+003, 7.2200043E+002, 5.4000001E-002, 0.0000000E+000, 0.0000000E+000, 4.5013884E-003
 8.4360000E+003, 7.2300043E+002, 5.4000001E-002, 0.0000000E+000, 0.0000000E+000, 4.5007104E-003
 8.4480000E+003, 7.2400043E+002, 5.4000001E-002, 0.0000000E+000, 0.0000000E+000, 4.5001786E-003
 8.4600000E+003, 7.2500043E+002, 5.4000001E-002, 0.0000000E+000, 0.0000000E+000, 4.5001474E-003
 8.4720000E+003, 7.2600043E+002, 5.4000001E-002, 0.0000000E+000, 0.0000000E+000, 4.5013535E-003
 8.4840000E+003, 7.2700043E+002, 5.4000001E-002, 0.0000000E+000, 0.0000000E+000, 4.5004277E-003
 8.4960000E+003, 7.2800043E+002, 5.4000001E-002, 0.0000000E+000, 0.0000000E+000, 4.5015854E-003
 8.5080000E+003, 7.2900043E+002, 5.4000001E-002, 0.0000000E+000, 0.0000000E+000, 4.5015519E-003
 8.5200000E+003, 7.3000043E+002, 5.4000001E-002, 0.0000000E+000, 0.0000000E+000, 4.5005740E-003
 8.5320000E+003, 7.3100043E+002, 5.4000001E-002, 0.0000000E+000, 0.0000000E+000, 4.4996240E-003
 8.5440000E+003, 7.3200043E+002, 5.4000001E-002, 0.0000000E+000, 0.0000000E+000, 4.5007523E-003
 8.5560000E+003, 7.3300043E+002, 5.4000001E-002, 0.0000000E+000, 0.0000000E+000, 4.5007328E-003
 8.5680000E+003, 7.3400043E+002, 5.4000001E-002, 0.0000000E+000, 0.0000000E+000, 4.4996440E-003
 8.5800000E+003, 7.3500043E+002, 5.4000001E-002, 0.0000000E+000, 0.0000000E+000, 4.5003179E-003
 8.5920000E+003, 7.3600043E+002, 5.4000001E-002, 0.0000000E+000, 0.0000000E+000, 4.5011370E-003
 8.6040000E+003, 7.3700043E+002, 5.4000001E-002, 0.0000000E+000, 0.0000000E+000, 4.5006117E-003
 8.6160000E+003, 7.3800043E+002, 5.4000001E-002, 0.0000000E+000, 0.0000000E+000, 4.5024916E-003
 8.6280000E+003, 7.3900043E+002, 5.4000001E-002, 0.0000000E+000, 0.0000000E+000, 4.5008482E-003
 8.6400000E+003, 7.4000043E+002, 5.4000001E-002, 0.0000000E+000, 0.0000000E+000, 4.5000985E-003
 8.6520000E+003, 7.4100043E+002, 5.4000001E-002, 0.0000000E+000, 0.0000000E+000, 4.4992976E-003
 8.6640000E+003, 7.4200043E+002, 5.4000001E-002, 0.0000000E+000, 0.0000000E+000, 4.4997390E-003
 8.6760000E+003, 7.4300043E+002, 5.4000001E-002, 0.0000000E+000, 0.0000000E+000, 4.5026825E-003
 8.6880000E+003, 7.4400043E+002, 5.4000001E-002, 0.0000000E+000, 0.0000000E+000, 4.5009069E-003
 8.7000000E+003, 7.4500043E+002, 5.4000001E-002, 0.0000000E+000, 0.0000000E+000, 4.4996981E-003
 8.7120000E+003, 7.4600043E+002, 5.4000001E-002, 0.0000000E+000, 0.0000000E+000, 4.5027430E-003
 8.7240000E+003, 7.4700043E+002, 5.4000001E-002, 0.0000000E+000, 0.0000000E+000, 4.5002480E-003
 8.7360000E+003, 7.4800043E+002, 5.4000001E-002, 0.0000000E+000, 0.0000000E+000, 4.5005823E-003
 8.7480000E+003, 7.4900043E+002, 5.4000001E-002, 0.0000000E+000, 0.0000000E+000, 4.5007966E-003
 8.7600000E+003, 7.5000043E+002, 5.4000001E-002, 0.0000000E+000, 0.0000000E+000, 4.5014131E-003
 8.7720000E+003, 7.5100043E+002, 5.4000001E-002, 0.0000000E+000, 0.0000000E+000, 4.5020347E-003
 8.7840000E+003, 7.5200043E+002, 5.4000001E-002, 0.0000000E+000, 0.0000000E+000, 4.5011048E-003
 8.7960000E+003, 7.5300043E+002, 5.4000001E-002, 0.0000000E+000, 0.0000000E+000, 4.5039845E-003
 8.8080000E+003, 7.5400043E+002, 5.4000001E-002, 0.0000000E+000, 0.0000000E+000, 4.5027719E-003
 8.8200000E+003, 7.5500043E+002, 5.4000001E-002, 0.0000000E+000, 0.0000000E+000, 4.5033898E-003
 8.8320000E+003, 7.5600043E+002, 5.4000001E-002, 0.0000000E+000, 0.0000000E+000, 4.4997791E-003
 8.8440000E+003, 7.5700043E+002, 5.4000001E-002, 0.0000000E+000, 0.0000000E+000, 4.5011896E-003
 8.8560000E+003, 7.5800043E+002, 5.4000001E-002, 0.0000000E+000, 0.0000000E+000, 4.4983644E-003
 8.8680000E+003, 7.5900043E+002, 5.4000001E-002, 0.0000000E+000, 0.0000000E+000, 4.4997856E-003
 8.8800000E+003, 7.6000043E+002, 5.4000001E-002, 0.0000000E+000, 0.0000000E+000, 4.5010177E-003
 8.8920000E+003, 7.6100043E+002, 5.4000001E-002, 0.0000000E+000, 0.0000000E+000, 4.5013172E-003
 8.9040000E+003, 7.6200043E+002, 5.4000001E-002, 0.0000000E+000, 0.0000000E+000, 4.5027295E-003
 8.9160000E+003, 7.6300043E+002, 5.4000001E-002, 0.0000000E+000, 0.0000000E+000, 4.5010042E-003
 8.9280000E+003, 7.6400043E+002, 5.4000001E-002, 0.0000000E+000, 0.0000000E+000, 4.5004631E-003
 8.9400000E+003, 7.6500043E+002, 5.4000001E-002, 0.0000000E+000, 0.0000000E+000, 4.4994443E-003
 8.9520000E+003, 7.6600043E+002, 5.4000001E-002, 0.0000000E+000, 0.0000000E+000, 4.5014247E-003
 8.9640000E+003, 7.6700043E+002, 5.4000001E-002, 0.0000000E+000, 0.0000000E+000, 4.4994773E-003
 8.9760000E+003, 7.6800043E+002, 5.4000001E-002, 0.0000000E+000, 0.0000000E+000, 4.4964869E-003
 8.9880000E+003, 7.6900043E+002, 5.4000001E-002, 0.0000000E+000, 0.0000000E+000, 4.5027863E-003
 9.0000000E+003, 7.7000043E+002, 5.4000001E-002, 0.0000000E+000, 0.0000000E+000, 4.4992678E-003
 9.0120000E+003, 7.7100043E+002, 5.4000001E-002, 0.0000000E+000, 0.0000000E+000, 4.4998531E-003
 9.0240000E+003, 7.7200043E+002, 5.4000001E-002, 0.0000000E+000, 0.0000000E+000, 4.5029344E-003
 9.0360000E+003, 7.7300043E+002, 5.4000001E-002, 0.0000000E+000, 0.0000000E+000, 4.5017288E-003
 9.0480000E+003, 7.7400043E+002, 5.4000001E-002, 0.0000000E+000, 0.0000000E+000, 4.5004915E-003
 9.0600000E+003, 7.7500043E+002, 5.4000001E-002, 0.0000000E+000, 0.0000000E+000, 4.5007248E-003
 9.0720000E+003, 7.7600043E+002, 5.4000001E-002, 0.0000000E+000, 0.0000000E+000, 4.5014243E-003
 9.0840000E+003, 7.7700043E+002, 5.4000001E-002, 0.0000000E+000, 0.0000000E+000, 4.5025237E-003
 9.0960000E+003, 7.7800043E+002, 5.4000001E-002, 0.0000000E+000, 0.0000000E+000, 4.5011942E-003
 9.1080000E+003, 7.7900043E+002, 5.4000001E-002, 0.0000000E+000, 0.0000000E+000, 4.4991695E-003
 9.1200000E+003, 7.8000043E+002, 5.4000001E-002, 0.0000000E+000, 0.0000000E+000, 4.4986177E-003
 9.1320000E+003, 7.8100043E+002, 5.4000001E-002, 0.0000000E+000, 0.0000000E+000, 4.5011770E-003
 9.1440000E+003, 7.8200043E+002, 5.4000001E-002, 0.0000000E+000, 0.0000000E+000, 4.4997097E-003
 9.1560000E+003, 7.8300043E+002, 5.4000001E-002, 0.0000000E+000, 0.0000000E+000, 4.5009512E-003
 9.1680000E+003, 7.8400043E+002, 5.4000001E-002, 0.0000000E+000, 0.0000000E+000, 4.4992664E-003
 9.1800000E+003, 7.8500043E+002, 5.4000001E-002, 0.0000000E+000, 0.0000000E+000, 4.4979970E-003
 9.1920000E+003, 7.8600043E+002, 5.4000001E-002, 0.0000000E+000, 0.0000000E+000, 4.4997288E-003
 9.2040000E+003, 7.8700043E+002, 5.4000001E-002, 0.0000000E+000, 0.0000000E+000, 4.4998084E-003
 9.2160000E+003, 7.8800043E+002, 5.4000001E-002, 0.0000000E+000, 0.0000000E+000, 4.5017297E-003
 9.2280000E+003, 7.8900043E+002, 5.4000001E-002, 0.0000000E+000, 0.0000000E+000, 4.5002117E-003
 9.2400000E+003, 7.9000043E+002, 5.4000001E-002, 0.0000000E+000, 0.0000000E+000, 4.4997004E-003
 9.2520000E+003, 7.9100043E+002, 5.4000001E-002, 0.0000000E+000, 0.0000000E+000, 4.5025288E-003
 9.2640000E+003, 7.9200043E+002, 5.4000001E-002, 0.0000000E+000, 0.0000000E+000, 4.5000673E-003
 9.2760000E+003, 7.9300043E+002, 5.4000001E-002, 0.0000000E+000, 0.0000000E+000, 4.4978778E-003
 9.2880000E+003, 7.9400043E+002, 5.4000001E-002, 0.0000000E+000, 0.0000000E+000, 4.4998559E-003
 9.3000000E+003, 7.9500043E+002, 5.4000001E-002, 0.0000000E+000, 0.0000000E+000, 4.5019872E-003
 9.3120000E+003, 7.9600043E+002, 5.4000001E-002, 0.0000000E+000, 0.0000000E+000, 4.4994401E-003
 9.3240000E+003, 7.9700043E+002, 5.4000001E-002, 0.0000000E+000, 0.0000000E+000, 4.5021428E-003
 9.3360000E+003, 7.9800043E+002, 5.4000001E-002, 0.0000000E+000, 0.0000000E+000, 4.5044282E-003
 9.3480000E+003, 7.9900043E+002, 5.4000001E-002, 0.0000000E+000, 0.0000000E+000, 4.5035556E-003
 9.3600000E+003, 8.0000043E+002, 5.4000001E-002, 0.0000000E+000, 0.0000000E+000, 4.5034518E-003
