,# Time_Alu_75,Mass_Norm_Alu_75,SG_Alu_75,# Time_ISO_75,Mass_Norm_ISO_75,SG_ISO_75
0,0,100,-0.106571036,0,100,-0.054256883
1,1,100,-0.089551452,1,100,-0.040440857
2,2,99.88817332,-0.072952926,2,99.99900063,-0.026917375
3,3,99.85894763,-0.056770234,3,99.97847563,-0.013683506
4,4,99.91139992,-0.040998152,4,99.91705422,-0.000736319
5,5,99.92939721,-0.025631455,5,99.90167967,0.011927117
6,6,99.90370894,-0.010664921,6,99.9036016,0.024309732
7,7,99.94754771,0.003906674,7,99.88161594,0.036414457
8,8,99.93401179,0.018088555,8,99.83633782,0.048244223
9,9,99.86371635,0.031885944,9,99.80535807,0.059801961
10,10,99.93616517,0.045304065,10,99.81957965,0.071090602
11,11,99.96769792,0.058348143,11,99.86631819,0.082113076
12,12,99.92755119,0.071023401,12,99.93365878,0.092872314
13,13,99.96846725,0.083335063,13,99.91728509,0.103371247
14,14,99.99338572,0.095288352,14,99.9331207,0.113612806
15,15,99.95846875,0.106888493,15,99.96010297,0.123599922
16,16,99.95846875,0.118140708,16,99.99185144,0.133335524
17,17,99.95969959,0.129050222,17,99.9620249,0.142822545
18,18,99.91139992,0.139622258,18,99.78567883,0.152063915
19,19,99.86525455,0.14986204,19,99.69074108,0.161062565
20,20,99.90001737,0.159774792,20,99.67329075,0.169821425
21,21,99.80757203,0.169365738,21,99.57635427,0.178343426
22,22,99.67821003,0.178640101,22,99.36626121,0.186631499
23,23,99.46224764,0.187603105,23,99.25602572,0.194688576
24,24,99.33488534,0.196259974,24,99.11765451,0.202517586
25,25,99.28566312,0.204615931,25,99.04454881,0.21012146
26,26,99.17275929,0.212676201,26,98.9848955,0.21750313
27,27,98.77682863,0.220446006,27,98.83107317,0.224665526
28,28,98.69776507,0.227930571,28,98.75381593,0.231611578
29,29,98.69176644,0.23513512,29,98.62113349,0.238344218
30,30,98.69745771,0.242064875,30,98.57108963,0.244866377
31,31,98.61793311,0.248725062,31,98.5185087,0.251180985
32,32,98.42519732,0.255120903,32,98.26874925,0.257290973
33,33,98.06003008,0.261257622,33,97.96079692,0.263199271
34,34,97.93635935,0.267140443,34,97.83457198,0.268908811
35,35,97.9422043,0.272774591,35,97.75193387,0.274422524
36,36,97.89282841,0.278165287,36,97.52938711,0.27974334
37,37,97.72762643,0.283317757,37,97.38209908,0.284874189
38,38,97.51027953,0.288237224,38,97.26017883,0.289818004
39,39,97.2572468,0.292928912,39,97.16477957,0.294577714
40,40,97.16480146,0.297398044,40,97.07406994,0.29915625
41,41,97.12496209,0.301649844,41,96.96998403,0.303556544
42,42,97.05651267,0.305689536,42,96.83084456,0.307781525
43,43,96.91115308,0.309522344,43,96.81562384,0.311834126
44,44,96.71303384,0.313153491,44,96.64750313,0.315717275
45,45,96.62889465,0.316588201,45,96.4593955,0.319433905
46,46,96.52537413,0.319831698,46,96.30695679,0.322986946
47,47,96.35540389,0.322889205,47,96.12269303,0.326379329
48,48,95.97039381,0.325765947,48,96.00038853,0.329613985
49,49,95.73520422,0.328467147,49,95.80451659,0.332693844
50,50,95.69598004,0.330998028,50,95.39547692,0.335621837
51,51,95.6332219,0.333363815,51,95.29700298,0.338400896
52,52,95.54339144,0.335569731,52,95.18384618,0.34103395
53,53,95.44725407,0.337621,53,95.11004832,0.343523931
54,54,95.30558651,0.339522846,54,94.89465075,0.345873769
55,55,95.14238423,0.341280492,55,94.66910634,0.348086396
56,56,94.95072513,0.342899162,56,94.44963471,0.350164741
57,57,94.77829369,0.34438408,57,94.43487528,0.352111737
58,58,94.65554596,0.345740469,58,94.35177566,0.353930313
59,59,94.47342385,0.346973554,59,94.19334096,0.3556234
60,60,94.16593867,0.348088558,60,94.10893453,0.35719393
61,61,94.03965306,0.343558995,61,93.99285689,0.353950331
62,62,93.93074909,0.350807073,62,93.91867456,0.353402354
63,63,93.84537907,0.358251504,63,93.43099402,0.357068634
64,64,93.71494038,0.363188466,64,93.2254363,0.360855497
65,65,93.41699219,0.359129364,65,93.19168932,0.363812653
66,66,93.35238803,0.355259773,66,93.08837214,0.362763612
67,67,93.28763018,0.359586939,67,92.87466586,0.362815723
68,68,93.11473724,0.364075988,68,92.61698849,0.368463932
69,69,92.83094062,0.366063515,69,92.58416384,0.368280896
70,70,92.41316695,0.365053826,70,92.47423602,0.368026123
71,71,92.34456339,0.362866729,71,92.23431597,0.371222768
72,72,92.32087529,0.363189633,72,92.16105643,0.37127756
73,73,92.25627113,0.364945327,73,91.9693358,0.369303931
74,74,92.08060962,0.366185254,74,91.88539088,0.367129132
75,75,91.91325427,0.365994166,75,91.67675825,0.363039046
76,76,91.79004458,0.36118029,76,91.19822541,0.359352976
77,77,91.64222424,0.35594209,77,91.02549234,0.357772265
78,78,91.48379023,0.354173373,78,91.043865,0.360535728
79,79,91.34704508,0.354025851,79,90.99405154,0.365854539
80,80,91.20337782,0.354727608,80,90.76089642,0.366306283
81,81,90.93788539,0.355042546,81,90.55702999,0.362143697
82,82,90.70484919,0.355867754,82,90.46854928,0.360694235
83,83,90.4591996,0.357534497,83,90.33025534,0.362642393
84,84,90.40843919,0.355073078,84,90.2410059,0.362282213
85,85,90.27999974,0.351848849,85,90.155908,0.360925214
86,86,90.14586947,0.354120674,86,89.95011964,0.358116776
87,87,89.83838429,0.36195356,87,89.59350705,0.358911667
88,88,89.72748062,0.363086257,88,89.35735406,0.361995012
89,89,89.58427487,0.360378845,89,89.22044351,0.363296579
90,90,89.303862,0.3616538,90,89.09437241,0.362128197
91,91,89.25433242,0.360759875,91,88.76943126,0.357252699
92,92,89.20726358,0.360890345,92,88.56279736,0.356361038
93,93,89.04375348,0.363597253,93,88.42803938,0.362395972
94,94,88.91239178,0.366351686,94,88.31818837,0.367003358
95,95,88.77810737,0.36493299,95,88.12039472,0.367192406
96,96,88.51169239,0.363152503,96,87.94573994,0.370345637
97,97,88.07499935,0.363950773,97,87.87255721,0.373513025
98,98,88.14160275,0.363381849,98,87.79945105,0.371834036
99,99,87.95363569,0.363989072,99,87.71542933,0.371361314
100,100,87.70414085,0.366433435,100,87.47420246,0.371124527
101,101,87.61661745,0.363808606,101,87.37765022,0.371027146
102,102,87.50402144,0.361570561,102,87.27886883,0.371668828
103,103,87.34020398,0.36324665,103,87.10759664,0.366295652
104,104,87.00995371,0.365060465,104,86.94577936,0.363900716
105,105,86.83306136,0.364170398,105,86.68387387,0.365929075
106,106,86.65924541,0.36274121,106,86.37031003,0.366640501
107,107,86.56972278,0.363957931,107,86.05812981,0.367422603
108,108,86.50450343,0.365462235,108,85.90154024,0.368010189
109,109,86.27331278,0.367520379,109,85.80137501,0.368522969
110,110,85.82739057,0.366839511,110,85.57682974,0.372414895
111,111,85.87292076,0.363898423,111,85.45014352,0.376810694
112,112,85.7554028,0.363030224,112,85.35512873,0.378651308
113,113,85.61081254,0.359726171,113,85.12197362,0.37615499
114,114,85.32347803,0.358654293,114,84.97199493,0.371711895
115,115,85.18627137,0.362896944,115,84.90465434,0.373627043
116,116,85.01983856,0.366921328,116,84.79103672,0.378077894
117,117,84.82156564,0.370037401,117,84.50553132,0.377546026
118,118,84.76926704,0.365480784,118,84.44818419,0.374838298
119,119,84.61175603,0.361492044,119,84.35539879,0.373328715
120,120,84.44932262,0.365268996,120,84.2573091,0.369672794
121,121,84.04339347,0.368924306,121,83.89108753,0.369358477
122,122,83.94541053,0.371783517,122,83.57690857,0.367028026
123,123,83.82035529,0.368207044,123,83.37019764,0.370154207
124,124,83.80635786,0.361156148,124,83.30547091,0.379378074
125,125,83.67853359,0.365204754,125,83.08684482,0.377204016
126,126,83.201386,0.371324385,126,82.97022909,0.369178558
127,127,82.99249939,0.370363594,127,82.59901044,0.367860827
128,128,83.016649,0.366995574,128,82.55296382,0.373916981
129,129,82.90420713,0.366759015,129,82.43949957,0.373840558
130,130,82.68224565,0.374173704,130,82.10794755,0.371063545
131,131,82.47074416,0.377787051,131,82.04383571,0.375021416
132,132,82.29585152,0.375512924,132,81.98810284,0.378167049
133,133,82.13710968,0.374868978,133,81.84781017,0.379435395
134,134,82.09157903,0.370061295,134,81.62134296,0.377464315
135,135,82.00344092,0.36595356,135,81.40548433,0.372983523
136,136,81.79686138,0.36846173,136,81.12682068,0.377232583
137,137,81.41723521,0.371618322,137,80.97230666,0.383459905
138,138,81.21450138,0.371841016,138,80.816716,0.383063616
139,139,80.99992304,0.369127586,139,80.75637099,0.379914284
140,140,80.88886569,0.366679235,140,80.69602599,0.378643156
141,141,80.84671926,0.366993668,141,80.52705975,0.382302618
142,142,80.71474191,0.37115304,142,80.20088859,0.384648711
143,143,80.55999994,0.376264719,143,79.97249968,0.382406581
144,144,80.32727109,0.377039776,144,79.81460307,0.378938066
145,145,79.9241105,0.37260915,145,79.53886072,0.375299511
146,146,79.81289901,0.367856471,146,79.33653151,0.371044608
147,147,79.77859723,0.368355792,147,79.07547179,0.370858677
148,148,79.64123643,0.369598083,148,79.01082164,0.375314498
149,149,79.25791869,0.370296183,149,78.88828673,0.378434308
150,150,79.26499447,0.375627441,150,78.7586024,0.379674874
151,151,79.17900927,0.376836531,151,78.49884949,0.382242462
152,152,79.06041463,0.368032034,152,78.25700773,0.384912054
153,153,78.85829599,0.361637056,153,78.04599211,0.384150091
154,154,78.59188101,0.362656435,154,77.94851731,0.381481053
155,155,78.42329483,0.36452516,155,77.79369584,0.380580947
156,156,78.28670336,0.367579698,156,77.69091675,0.383166665
157,157,78.18333651,0.375123418,157,77.58829172,0.384123665
158,158,78.03213197,0.372455049,158,77.4115614,0.381711959
159,159,77.70865012,0.366322005,159,77.13897077,0.377405989
160,160,77.51652951,0.370188813,160,77.05164326,0.377222016
161,161,77.38086105,0.368061361,161,76.84039677,0.378388227
162,162,77.13474996,0.36548124,162,76.77036598,0.377543278
163,163,77.05368717,0.368668333,163,76.52637188,0.378416837
164,164,76.94509056,0.372756023,164,76.23279495,0.377882525
165,165,76.76250694,0.375530602,165,76.12271306,0.380012602
166,166,76.56284951,0.371859435,166,75.92292091,0.385629079
167,167,76.450715,0.368533661,167,75.78800933,0.389497207
168,168,76.32719795,0.367274945,168,75.59029249,0.39134981
169,169,75.96064667,0.365826531,169,75.47974955,0.391882937
170,170,75.74837585,0.374347273,170,75.29487067,0.389484494
171,171,75.53518203,0.37917083,171,75.08216375,0.386351843
172,172,75.36428878,0.369670285,172,75.00705909,0.385677568
173,173,75.2010865,0.364213656,173,74.92388266,0.385252031
174,174,74.89852373,0.370867625,174,74.61293268,0.383197373
175,175,74.83899566,0.376513904,175,74.32427534,0.381377889
176,176,74.80223267,0.37395915,176,74.20850491,0.380056359
177,177,74.72716898,0.371868586,177,74.05991007,0.381365779
178,178,74.5896545,0.371515903,178,73.87941291,0.382783176
179,179,74.14004026,0.370326813,179,73.73012614,0.380558622
180,180,74.00775555,0.363188461,180,73.45315355,0.37380802
181,181,73.80194533,0.364933018,181,73.20531581,0.371909584
182,182,73.75626101,0.374327153,182,73.14374079,0.377980862
183,183,73.67227551,0.374767338,183,72.87084248,0.38188926
184,184,73.28834258,0.372013115,184,72.77152301,0.380209245
185,185,73.00869904,0.368521499,185,72.65052533,0.374669506
186,186,73.0219276,0.373335675,186,72.35164411,0.372376023
187,187,72.9620917,0.378941937,187,71.9682799,0.378867468
188,188,72.83611345,0.370149973,188,71.86257973,0.381310153
189,189,72.52447565,0.363597605,189,71.74212036,0.37602304
190,190,72.37896238,0.366261632,190,71.51065654,0.380978401
191,191,72.22852716,0.36659746,191,71.40372637,0.385829888
192,192,72.07670743,0.368320116,192,71.33769282,0.380199626
193,193,71.9762633,0.371849127,193,71.26696988,0.37539141
194,194,71.87704953,0.371229147,194,71.13467193,0.375629108
195,195,71.41190013,0.364378938,195,70.85124207,0.376095139
196,196,71.25223528,0.35844069,196,70.59064363,0.378957061
197,197,71.22162554,0.362606834,197,70.37847457,0.38267116
198,198,71.16517386,0.366737159,198,70.2467147,0.382237971
199,199,70.93659809,0.369817298,199,70.1531608,0.380087117
200,200,70.70679195,0.374281402,200,69.98680819,0.377661918
201,201,70.5037503,0.370754869,201,69.77656107,0.377439726
202,202,70.32670428,0.362988386,202,69.73927789,0.37966228
203,203,70.2727138,0.361375127,203,69.61036229,0.382168567
204,204,70.16411719,0.364943517,204,69.37297929,0.384025111
205,205,70.0212188,0.365877039,205,69.14066994,0.386735023
206,206,69.70773498,0.366254122,206,68.93649606,0.386394353
207,207,69.45547111,0.367082399,207,68.58049836,0.385266291
208,208,69.2491994,0.365087457,208,68.34288472,0.384373977
209,209,69.08707381,0.367538165,209,68.213354,0.380853234
210,210,69.05830962,0.370928182,210,68.13778828,0.380059262
211,211,68.96801766,0.369613092,211,68.02947448,0.383044504
212,212,68.7655912,0.359802003,212,67.83337237,0.386534153
213,213,68.32812929,0.354007686,213,67.61882055,0.386152063
214,214,68.12031892,0.361415248,214,67.3902778,0.385410972
215,215,68.04048696,0.366632843,215,67.14874349,0.387121673
216,216,67.99495632,0.367582614,216,66.96363396,0.38642917
217,217,67.90358767,0.366132547,217,66.85416719,0.381689036
218,218,67.74330763,0.3617194,218,66.70995408,0.378769725
219,219,67.39213829,0.36172742,219,66.50547252,0.380974682
220,220,67.27277432,0.364702913,220,66.25886479,0.3781331
221,221,67.10772602,0.359870275,221,66.11934084,0.373614414
222,222,66.80685559,0.360397005,222,65.95560185,0.372962782
223,223,66.76101712,0.364945229,223,65.88149656,0.375035961
224,224,66.73379113,0.363824527,224,65.74243389,0.380261766
225,225,66.56151336,0.363582707,225,65.5692393,0.380906381
226,226,66.40323349,0.366064138,226,65.51296857,0.378377908
227,227,65.99453531,0.366455194,227,65.39304706,0.376879008
228,228,65.89778275,0.362246519,228,65.18410722,0.377990099
229,229,65.72812034,0.361769916,229,65.0678755,0.378168554
230,230,65.57522392,0.366010012,230,64.96117597,0.375445934
231,231,65.55784227,0.368666451,231,64.59702994,0.374817265
232,232,65.4400165,0.369247316,232,64.40315697,0.374749203
233,233,64.95133221,0.364093404,233,64.3010698,0.37059167
234,234,64.84981139,0.364794982,234,64.02748003,0.370813169
235,235,64.89380384,0.367031478,235,63.77364607,0.372677168
236,236,64.78874512,0.363046664,236,63.67048296,0.368932197
237,237,64.49525783,0.363418329,237,63.51712168,0.368268235
238,238,64.29929197,0.36195311,238,63.35907147,0.371042985
239,239,64.2040776,0.365064534,239,63.26159666,0.372105127
240,240,63.99042274,0.366887971,240,63.07656394,0.375029175
241,241,63.5003544,0.366241834,241,62.70234766,0.3806639
242,242,63.52681107,0.367692333,242,62.52915353,0.377860002
243,243,63.52865709,0.363778369,243,62.38440186,0.373067507
244,244,63.37991374,0.36133013,244,62.24779921,0.373587506
245,245,63.2488594,0.361893379,245,61.99465718,0.37282634
246,246,63.10549997,0.361170918,246,61.60491227,0.373877417
247,247,62.97767616,0.359986444,247,61.49959681,0.379461227
248,248,62.73202658,0.360163139,248,61.44632396,0.379327956
249,249,62.28671909,0.362836844,249,61.19910134,0.375692279
250,250,62.22380727,0.36507608,250,61.01353031,0.378194101
251,251,62.06152754,0.360785586,251,61.01060946,0.38089066
252,252,61.84402696,0.355808562,252,60.87008591,0.379955351
253,253,61.80541842,0.354743725,253,60.56820683,0.373790711
254,254,61.72927803,0.353185988,254,60.36664635,0.369486496
255,255,61.57007469,0.358266312,255,60.18461173,0.373216903
256,256,61.20229257,0.366156074,256,59.96798438,0.373845225
257,257,60.95079803,0.362248606,257,59.8711247,0.371065782
258,258,60.85542999,0.354025269,258,59.74943532,0.371995672
259,259,60.65423436,0.354395265,259,59.53649777,0.372101529
260,260,60.6696163,0.35945726,260,59.38828717,0.368692196
261,261,60.58640013,0.362531514,261,59.27551485,0.367356909
262,262,60.31506274,0.36252886,262,59.18480499,0.3676633
263,263,59.95973986,0.356366352,263,58.97217511,0.365614014
264,264,59.92389989,0.350235537,264,58.8421063,0.364093721
265,265,59.79346119,0.349067678,265,58.76438801,0.367031334
266,266,59.38076361,0.354111568,266,58.61471676,0.371749805
267,267,59.29247135,0.361495504,267,58.30761018,0.373118731
268,268,59.25524687,0.364219206,268,58.08268066,0.371531042
269,269,59.04036117,0.362506895,269,57.88750065,0.372119837
270,270,58.89454053,0.356933267,270,57.67556269,0.372354524
271,271,58.86331514,0.35358602,271,57.59207859,0.369266285
272,272,58.71872488,0.353346374,272,57.49045317,0.369414965
273,273,58.08360477,0.357557428,273,57.32763652,0.372676095
274,274,58.0582248,0.365713251,274,57.04643604,0.376508295
275,275,58.03422887,0.367385974,275,56.98855106,0.379406891
276,276,57.99608184,0.362195791,276,56.89169137,0.380190882
277,277,57.84703067,0.35650294,277,56.69704944,0.378714984
278,278,57.6995177,0.353004784,278,56.42745692,0.378394281
279,279,57.38126562,0.356440705,279,56.26571644,0.378720804
280,280,57.2480579,0.360586341,280,56.08937036,0.376975883
281,281,57.0194826,0.362306354,281,55.74459637,0.375824604
282,282,56.67308106,0.36697654,282,55.51728363,0.377551016
283,283,56.65892995,0.366204763,283,55.41627286,0.377156764
284,284,56.60063224,0.361237756,284,55.37260899,0.373640002
285,285,56.46204107,0.361087009,285,55.22616649,0.374167289
286,286,56.35082958,0.360897819,286,55.05343365,0.374310466
287,287,56.27099716,0.36251563,287,54.79391115,0.373846762
288,288,56.10887157,0.361447978,288,54.64285629,0.377186271
289,289,55.86414499,0.35851986,289,54.53346632,0.378258937
290,290,55.65079749,0.359145557,290,54.36204006,0.37096972
291,291,55.57957905,0.357558738,291,54.11266509,0.369164529
292,292,55.43898818,0.356069464,292,53.93309027,0.375066168
293,293,55.24471466,0.36211044,293,53.81201555,0.375482576
294,294,54.83678534,0.364627949,294,53.57670832,0.374430907
295,295,54.78971697,0.3563205,295,53.45663297,0.376695647
296,296,54.56067969,0.353568074,296,53.08318518,0.378297935
297,297,54.47854021,0.35707839,297,52.8463405,0.378310598
298,298,54.46269676,0.358655753,298,52.76800708,0.378287417
299,299,54.26119331,0.357196166,299,52.68621451,0.374971431
300,300,54.11260365,0.358825002,300,52.56675405,0.370680469
301,301,53.8320371,0.36661601,301,52.50986843,0.371599632
302,302,53.77497023,0.365540419,302,52.40193912,0.374983737
303,303,53.65499107,0.357014374,303,52.08268651,0.373739027
304,304,53.45456477,0.357242323,304,51.80179348,0.372495403
305,305,53.05663395,0.356539922,305,51.71054553,0.376149822
306,306,52.78714212,0.350655051,306,51.56856179,0.384069591
307,307,52.70792535,0.350047403,307,51.41450882,0.385236483
308,308,52.6599335,0.353385221,308,51.2257095,0.377150673
309,309,52.56794966,0.359914213,309,50.9234457,0.377458369
310,310,52.42689729,0.360912127,310,50.79153199,0.383352442
311,311,52.25738856,0.357971975,311,50.6909057,0.381912317
312,312,51.88668373,0.363051525,312,50.60496205,0.378164676
313,313,51.63472769,0.362839948,313,50.44883353,0.380034299
314,314,51.52382355,0.355870673,314,50.10536612,0.385311822
315,315,51.38507871,0.353554127,315,50.00912156,0.389385357
316,316,51.30739966,0.358611727,316,49.90580438,0.392859724
317,317,51.22033823,0.360179648,317,49.53012744,0.391378291
318,318,50.89624074,0.356218239,318,49.28190521,0.385878431
319,319,50.64997597,0.356808505,319,49.19772988,0.386048157
320,320,50.61998095,0.356748212,320,49.03053151,0.388773472
321,321,50.51938313,0.354704864,321,48.72995923,0.388270788
322,322,50.41832381,0.35357988,322,48.5417748,0.384208108
323,323,50.13606539,0.35688448,323,48.46175009,0.384024391
324,324,49.79812415,0.35858075,324,48.25872942,0.384049896
325,325,49.57062553,0.353082008,325,48.03441456,0.37868796
326,326,49.47418033,0.357426236,326,47.99221157,0.375716759
327,327,49.4577217,0.364087588,327,47.91449305,0.375414948
328,328,49.40450055,0.362369412,328,47.54558082,0.376710989
329,329,49.21330295,0.359379331,329,47.21910245,0.378039907
330,330,48.92750663,0.357418791,330,47.14522756,0.380196092
331,331,48.66324504,0.356006243,331,46.95888803,0.382333482
332,332,48.57772134,0.355059136,332,46.75471415,0.381512719
333,333,48.3796021,0.361714674,333,46.64217247,0.376767782
334,334,48.2422413,0.365677821,334,46.54185363,0.375886295
335,335,48.23070461,0.361785479,335,46.4520661,0.376504427
336,336,48.06165738,0.359506634,336,46.2609606,0.375521493
337,337,47.78293639,0.355942092,337,46.06347463,0.377556793
338,338,47.54420891,0.349459286,338,45.86114565,0.378948264
339,339,47.31686398,0.351112059,339,45.76113403,0.377735078
340,340,47.22903276,0.354962738,340,45.49784493,0.375280959
341,341,47.11412969,0.354069173,341,45.17298058,0.380289949
342,342,47.11089962,0.36085343,342,44.99094597,0.385769292
343,343,46.93708366,0.364848059,343,44.89654654,0.38250545
344,344,46.72958158,0.359505676,344,44.67023317,0.37938608
345,345,46.5920671,0.355146233,345,44.44368916,0.380422855
346,346,46.52284835,0.355971265,346,44.32791873,0.381371054
347,347,46.30611664,0.357091291,347,44.19869569,0.383586736
348,348,46.07492599,0.355791989,348,44.15049649,0.38363203
349,349,45.73590805,0.354440072,349,44.08553888,0.382036695
350,350,45.62300468,0.355407616,350,43.89766213,0.383264116
351,351,45.40012065,0.355889023,351,43.48523987,0.384411652
352,352,45.35243663,0.349766251,352,43.33618374,0.380744926
353,353,45.23230379,0.343016996,353,43.256082,0.378189807
354,354,45.12047711,0.348944524,354,43.10879397,0.382300419
355,355,44.77115333,0.355118487,355,42.859419,0.382010856
356,356,44.58010941,0.356442816,356,42.71874184,0.380306034
357,357,44.52827231,0.354910667,357,42.60643057,0.385847409
358,358,44.39429572,0.34908206,358,42.48089756,0.389328847
359,359,44.16664296,0.350035079,359,42.28625563,0.388145616
360,360,44.06912154,0.350358032,360,42.02450398,0.38643856
361,361,44.02620578,0.346542906,361,41.756987,0.381170851
362,362,43.83623901,0.345916464,362,41.50307647,0.3757043
363,363,43.49629807,0.34750608,363,41.36816465,0.377754265
364,364,43.36632088,0.348102307,364,41.093114,0.384637831
365,365,43.30679281,0.350069309,365,41.00401839,0.383991419
366,366,43.02945633,0.355406126,366,40.93237312,0.381423984
367,367,42.71243462,0.359366931,367,40.81560355,0.383612098
368,368,42.73273897,0.356869676,368,40.46075906,0.382173873
369,369,42.60553035,0.346429811,369,40.14988542,0.380668417
370,370,42.47893691,0.342811725,370,40.09469087,0.382119048
371,371,42.19790886,0.347208772,371,39.97661449,0.383112414
372,372,42.13591958,0.346145724,372,39.79042856,0.38344635
373,373,42.09700322,0.34730616,373,39.59624791,0.379350206
374,374,41.87596474,0.351854756,374,39.4400426,0.379897676
375,375,41.60416585,0.354356264,375,39.40652603,0.383727011
376,376,41.53387042,0.3547807,376,39.32949965,0.379739743
377,377,41.39435624,0.350615602,377,39.21411371,0.378644683
378,378,41.0287275,0.350798884,378,38.90900587,0.383163811
379,379,40.8263015,0.358547915,379,38.65755513,0.385409913
380,380,40.71632038,0.358382207,380,38.54155429,0.384900197
381,381,40.61479955,0.351920504,381,38.4259377,0.386705134
382,382,40.54588863,0.349282885,382,38.23383259,0.388979596
383,383,40.24117248,0.351712743,383,37.98461123,0.387353532
384,384,40.12519272,0.356908441,384,37.88913517,0.387689647
385,385,39.93507181,0.358654004,385,37.60147743,0.391030346
386,386,39.69480614,0.358750739,386,37.35156414,0.390954862
387,387,39.64789098,0.35846564,387,37.16460972,0.38858536
388,388,39.58128759,0.352115352,388,36.85573505,0.388984783
389,389,39.45792422,0.345710021,389,36.68546199,0.394774368
390,390,39.15397739,0.350047356,390,36.49497138,0.399658541
391,391,38.9607801,0.358001566,391,36.38104585,0.400309854
392,392,38.88833128,0.358732735,392,36.2908743,0.39829189
393,393,38.80280759,0.354895338,393,36.11068459,0.396629844
394,394,38.5370078,0.35156174,394,35.72770462,0.39856137
395,395,38.37734295,0.348534623,395,35.55258833,0.399209168
396,396,38.26167101,0.346762998,396,35.36494221,0.399815883
397,397,38.14015366,0.349397235,397,35.33134861,0.399815402
398,398,37.8320533,0.354895999,398,35.18828846,0.400476456
399,399,37.47411599,0.36039259,399,34.95082866,0.40087189
400,400,37.43673782,0.357931427,400,34.67047395,0.400276757
401,401,37.23984895,0.351051602,401,34.47537073,0.403849689
402,402,37.09095147,0.34916181,402,34.42056066,0.407126711
403,403,37.05788052,0.350626137,403,34.18248573,0.409126999
404,404,36.94943805,0.348643407,404,33.86753804,0.411427036
405,405,36.67717766,0.347317205,405,33.78905102,0.41164592
406,406,36.47659722,0.348618806,406,33.68335109,0.410500384
407,407,36.45675437,0.347426332,407,33.5268381,0.411852895
408,408,36.37523007,0.348635703,408,33.37132447,0.411545722
409,409,36.19464615,0.354728931,409,33.10480662,0.406468399
410,410,35.94299747,0.360499719,410,33.00856206,0.407187981
411,411,35.8184042,0.359532463,411,32.87810901,0.416787565
412,412,35.67842851,0.351159863,412,32.62727339,0.422369632
413,413,35.24988749,0.348646637,413,32.20624128,0.419634743
414,414,34.97424335,0.353040549,414,32.13851645,0.415383135
415,415,34.97332034,0.358063173,415,32.02213113,0.415127948
416,416,34.90917768,0.361605635,416,31.75269221,0.416665516
417,417,34.81073324,0.358180211,417,31.42444574,0.415162227
418,418,34.49309635,0.356001197,418,31.39792429,0.414834201
419,419,34.38557643,0.357959837,419,31.26132164,0.417562644
420,420,34.31451213,0.357053056,420,31.12571813,0.41689611
421,421,34.06670917,0.354931524,421,30.87365227,0.418175003
422,422,33.68723668,0.357021029,422,30.55893546,0.424830214
423,423,33.68200691,0.362807154,423,30.33846446,0.427357217
424,424,33.62017131,0.364356033,424,30.21854295,0.429623002
425,425,33.46850526,0.358635046,425,30.09585421,0.431872524
426,426,33.21685705,0.355456419,426,29.79289871,0.428452835
427,427,33.15594446,0.360259657,427,29.67958831,0.426494543
428,428,33.11010645,0.361836986,428,29.55267121,0.429096103
429,429,32.85661175,0.359255908,429,29.22204176,0.432535054
430,430,32.34639321,0.36095312,430,28.92216118,0.433180978
431,431,32.37146582,0.365190279,431,28.78940194,0.434609334
432,432,32.26025433,0.364457121,432,28.68239519,0.436232442
433,433,31.8164855,0.358440751,433,28.55201893,0.434062749
434,434,31.70281281,0.359267922,434,28.17664944,0.432835126
435,435,31.69542966,0.365540672,435,28.02851565,0.433053079
436,436,31.60406055,0.36495914,436,27.86577603,0.432088671
437,437,31.49161868,0.357618515,437,27.56205181,0.429221469
438,438,31.22197364,0.357741133,438,27.26040313,0.430553048
439,439,31.12583626,0.362081837,439,27.1029678,0.436456281
440,440,31.09153448,0.36167632,440,26.97697327,0.43612888
441,441,30.85096098,0.363218396,441,26.75765572,0.431688686
442,442,30.58546902,0.365495692,442,26.52557678,0.433112455
443,443,30.48610157,0.367465807,443,26.28312013,0.437036556
444,444,30.3767361,0.362684566,444,26.05880549,0.43411857
445,445,30.20584238,0.360797611,445,25.90905744,0.434051876
446,446,29.93911958,0.369944548,446,25.69957905,0.441323766
447,447,29.86882415,0.372914864,447,25.52469363,0.440253549
448,448,29.74653793,0.369227604,448,25.34711754,0.440299665
449,449,29.39259956,0.364455663,449,25.02701963,0.445779682
450,450,29.12449225,0.36626064,450,24.89418359,0.448237534
451,451,29.16187042,0.372198879,451,24.81362079,0.449765659
452,452,29.05004374,0.371457808,452,24.56755138,0.449485044
453,453,28.87530523,0.366629461,453,24.17119559,0.449772336
454,454,28.51490626,0.369188251,454,24.00345913,0.454339292
455,455,28.26279608,0.374792696,455,23.91467097,0.45542473
456,456,28.11143785,0.370016794,456,23.74493624,0.455343471
457,457,27.94869708,0.364409105,457,23.5705889,0.457180487
458,458,27.81825838,0.368835867,458,23.261714,0.452075656
459,459,27.77257406,0.377357674,459,23.09743692,0.449094388
460,460,27.65644016,0.3798633,460,22.86897121,0.452627796
461,461,27.27158422,0.375431592,461,22.61390747,0.456874392
462,462,26.97778911,0.374861345,462,22.37337276,0.456662416
463,463,26.94779455,0.375535736,463,22.18157533,0.455235882
464,464,26.81904773,0.375005655,464,22.1002438,0.458183624
465,465,26.42496217,0.379959573,465,21.86947191,0.458616305
466,466,26.35035997,0.381729959,466,21.5223915,0.456876613
467,467,26.23853329,0.369940625,467,21.30699415,0.458079041
468,468,25.99472973,0.364837159,468,21.17469619,0.456187591
469,469,25.87398124,0.372379438,469,20.93485317,0.457075651
470,470,25.78599681,0.379115744,470,20.64527373,0.460820721
471,471,25.74584961,0.380599415,471,20.63935431,0.458221326
472,472,25.33684407,0.375140264,472,20.52742776,0.453456772
473,473,24.91061057,0.380074586,473,20.33386223,0.456732707
474,474,24.91891672,0.391581663,474,20.04336022,0.459235494
475,475,24.88646096,0.394046056,475,19.73025743,0.454821642
476,476,24.75909866,0.390005564,476,19.48241968,0.455221685
477,477,24.51560245,0.384752565,477,19.27486345,0.458575082
478,478,24.27318294,0.387173607,478,19.01534119,0.458817446
479,479,24.13566846,0.389949739,479,18.89934012,0.457275327
480,480,23.94077929,0.387574555,480,18.7317575,0.45563771
481,481,23.6951297,0.388443938,481,18.3221027,0.454591672
482,482,23.63683246,0.395954212,482,18.18503854,0.459764415
483,483,23.5762277,0.398229449,483,18.06258044,0.466512758
484,484,23.43748239,0.392714027,484,17.86040484,0.465671018
485,485,23.16106892,0.393137074,485,17.67306617,0.45896559
486,486,22.86804313,0.398757165,486,17.4708908,0.459136224
487,487,22.57563254,0.401848034,487,17.17962006,0.460973226
488,488,22.44673204,0.39818076,488,17.03832801,0.459053073
489,489,22.28875953,0.39716952,489,16.73790934,0.462703327
490,490,22.14078505,0.407727589,490,16.44018134,0.468107896
491,491,22.08402554,0.407103201,491,16.27221423,0.467628342
492,492,21.92697604,0.396639518,492,16.20502748,0.465264599
493,493,21.63487327,0.404047828,493,15.91460228,0.46206017
494,494,21.43367764,0.41412065,494,15.5573748,0.462685606
495,495,21.37830264,0.409494384,495,15.31691689,0.466304429
496,496,21.2552471,0.403450887,496,15.2014539,0.465422992
497,497,20.95422252,0.405572894,497,14.99904789,0.465932741
498,498,20.57382702,0.413213233,498,14.74037139,0.470754483
499,499,20.35448088,0.418212756,499,14.56948298,0.475331427
500,500,20.13944104,0.412776194,500,14.41404662,0.475829716
501,501,19.93824541,0.41122057,501,14.07941946,0.475696246
502,502,19.9196334,0.417555197,502,13.8228953,0.476470684
503,503,19.83180264,0.41531829,503,13.73403011,0.47857009
504,504,19.56846359,0.408221372,504,13.48811453,0.480330818
505,505,19.04947692,0.408680803,505,13.14695307,0.479472554
506,506,19.06670489,0.416733882,506,13.0199594,0.480134171
507,507,19.0299419,0.420193625,507,12.90365112,0.480482652
508,508,18.88596729,0.414839818,508,12.45740484,0.478379784
509,509,18.61724479,0.413150992,509,12.31027042,0.480305359
510,510,18.33683192,0.419245102,510,12.16305919,0.481440072
511,511,18.212546,0.421666397,511,11.99862805,0.477335255
512,512,18.08795227,0.420732,512,11.83781037,0.47492451
513,513,17.82153683,0.424267469,513,11.68760103,0.477138537
514,514,17.58250152,0.426217217,514,11.52885889,0.477627605
515,515,17.53066442,0.42716715,515,11.31346155,0.473521176
516,516,17.37238455,0.430172598,516,10.96461304,0.468783304
517,517,16.89646733,0.435734616,517,10.84999582,0.467879199
518,518,16.71572973,0.441053664,518,10.70716632,0.46684094
519,519,16.62851416,0.439760592,519,10.28713381,0.4656635
520,520,16.46100466,0.429682626,520,10.05620785,0.464341851
521,521,16.27749803,0.432086955,521,9.872482174,0.462870968
522,522,15.85218754,0.447117431,522,9.737262913,0.461245822
523,523,15.71897982,0.450970546,523,9.538470131,0.459461387
524,524,15.5473177,0.4479418,524,9.301932661,0.457512635
525,525,15.45425671,0.449744086,525,9.057861752,0.455394541
526,526,15.33550839,0.454752935,526,8.842464176,0.453102076
527,527,14.90558331,0.456237356,527,8.696790405,0.450630214
528,528,14.2606184,0.459039809,528,8.55880391,0.447973928
529,529,14.30291897,0.46136442,529,8.240089385,0.44512819
530,530,14.27400064,0.462535885,530,8.1496872,0.442087974
531,531,14.18017079,0.462424436,531,8.036146152,0.438848254
532,532,13.87407058,0.464098258,532,7.748719051,0.435404
533,533,13.52366964,0.472680168,533,7.36858335,0.431750188
534,534,13.48013916,0.476318009,534,7.197157087,0.42788179
535,535,13.35492977,0.473854145,535,6.946244433,0.423793778
536,536,13.22664446,0.472051787,536,6.722698761,0.419481126
537,537,12.89147224,0.470595313,537,6.524597672,0.414938807
538,538,12.60183021,0.473577541,538,6.255927479,0.410161793
539,539,12.43078328,0.477063655,539,6.127088681,0.405145059
540,540,12.16129145,0.476998825,540,5.946207045,0.399883576
541,541,11.97640078,0.478490185,541,5.718817503,0.394372318
542,542,11.76582184,0.47815737,542,5.507109958,0.388606257
543,543,11.6215394,0.475031918,543,5.469288697,0.382580368
544,544,11.33743495,0.471712029,544,5.373581991,0.376289622
545,545,11.07840312,0.469870914,545,5.0836951,0.369728993
546,546,10.97734381,0.471884309,546,4.747684088,0.362893454
547,547,10.85213488,0.475457144,547,4.628300895,0.355777978
548,548,10.70339154,0.475313629,548,4.421744033,0.348377537
549,549,10.42390168,0.47164583,549,4.337183762,0.340687105
550,550,10.26762104,0.468528495,550,4.237480042,0.332701655
551,551,10.10303472,0.464459643,551,4.079352559,0.32441616
552,552,9.577895273,0.460279057,552,3.838049347,0.315825592
553,553,9.279793401,0.459276426,553,3.729966196,0.306924925
554,554,9.231186369,0.459490278,554,3.472749882,0.297709132
555,555,9.091518511,0.455773206,555,3.333149129,0.288173186
556,556,8.664823503,0.44894502,556,3.225988542,0.27831206
557,557,8.42917195,0.445315731,557,3.091691848,0.268120726
558,558,8.394870171,0.446167131,558,2.923571137,0.257594158
559,559,8.353031563,0.446552837,559,2.903199739,0.246727329
560,560,8.177677412,0.444088734,560,2.882751769,0.235515212
561,561,7.799589437,0.439840023,561,2.832092548,0.223952779
562,562,7.678225767,0.432719227,562,2.721934086,0.212035004
563,563,7.474261572,0.425120366,563,2.636528284,0.19975686
564,564,7.017571544,0.421141309,564,2.594478905,0.18711332
565,565,6.675015718,0.422753401,565,2.505229696,0.174099356
566,566,6.584723759,0.418614583,566,2.431662484,0.160709943
567,567,6.544115521,0.407778095,567,2.446345113,0.146940052
568,568,6.305849547,0.401034346,568,2.351176724,0.132784656
569,569,5.91268699,0.394708617,569,2.307051804,0.11823873
570,570,5.56859297,0.39004866,570,2.290600847,0.103297245
571,571,5.437846454,0.384500956,571,2.255008735,0.087955175
572,572,5.310945655,0.376892718,572,2.218801964,0.072207493
573,573,5.185583051,0.370246885,573,2.194894372,0.056049172
574,574,5.096521461,0.364408025,574,2.11517734,0.039475184
575,575,4.6555212,0.357025955,575,2.071667541,0.022480503
576,576,4.40802606,0.344953762,,,
577,577,4.283586002,0.337825357,,,
578,578,4.293891857,0.330619973,,,
579,579,4.172220826,0.323343294,,,
580,580,3.890577588,0.316001002,,,
581,581,3.3283678,0.308598782,,,
582,582,3.424351032,0.301142318,,,
583,583,3.410353603,0.293637292,,,
584,584,3.29391234,0.28608939,,,
585,585,3.04011028,0.278504294,,,
586,586,2.800921296,0.270887688,,,
587,587,2.782616645,0.263245255,,,
588,588,2.679865451,0.255582681,,,
589,589,2.569576965,0.247905647,,,
590,590,2.443598713,0.240219838,,,
591,591,2.43790744,0.232530937,,,
592,592,2.369919067,0.224844629,,,
593,593,2.208716488,0.217166596,,,
594,594,2.114271451,0.209502523,,,
595,595,2.088122147,0.201858093,,,
596,596,2.047052406,0.19423899,,,
597,597,1.926919569,0.186650897,,,
598,598,1.74756602,0.179099499,,,
599,599,1.780329605,0.171590478,,,
600,600,1.764793982,0.164129518,,,
601,601,1.685730424,0.156722304,,,
602,602,1.630509573,0.149374519,,,
603,603,1.590670201,0.142091846,,,
604,604,1.584055919,0.134879969,,,
605,605,1.485765627,0.127744573,,,
606,606,1.396396214,0.120691339,,,
607,607,1.391935774,0.113725953,,,
608,608,1.382706609,0.106854098,,,
609,609,1.330869507,0.100081457,,,
610,610,1.250729259,0.093413714,,,
611,611,1.197969611,0.086856553,,,
612,612,1.195046903,0.080415658,,,
613,613,1.180587969,0.074096712,,,
614,614,1.156438365,0.067905399,,,
615,615,1.175511882,0.061847402,,,
616,616,1.178741951,0.055928406,,,
617,617,1.132749802,0.050154093,,,
618,618,1.106446819,0.044530148,,,
619,619,1.07968233,0.039062254,,,
620,620,1.119829063,0.033756095,,,
621,621,1.090141866,0.028617355,,,
622,622,1.016770044,0.023651716,,,
623,623,1.020615761,0.018864864,,,
624,624,1.078759321,0.014262481,,,
625,625,1.114599295,0.009850252,,,
626,626,1.049226268,0.005633859,,,
627,627,1.023999511,0.001618987,,,
628,628,1.072606544,-0.002188681,,,
629,629,1.119213878,-0.005783461,,,
630,630,1.020461618,-0.009159669,,,
631,631,1.027230043,-0.012311622,,,
632,632,1.025076201,-0.015233636,,,
633,633,1.094294945,-0.017920028,,,
634,634,1.01630854,-0.020365113,,,
635,635,1.011078772,-0.022563208,,,
636,636,1.029844927,-0.02450863,,,
