s,C,g/g,1/s,W/g,W/g
Time,Temp,Mass,MLR,MCC,DSC
 1.2000000E+001, 2.1000355E+001, 9.9997324E-001, 2.3266653E-006, 0.0000000E+000, 1.1582267E-001
 2.4000000E+001, 2.2000355E+001, 9.9994409E-001, 2.5290656E-006, 0.0000000E+000, 1.1631918E-001
 3.6000000E+001, 2.3000355E+001, 9.9991244E-001, 2.7474498E-006, 0.0000000E+000, 1.1685477E-001
 4.8000000E+001, 2.4000355E+001, 9.9987811E-001, 2.9829403E-006, 0.0000000E+000, 1.1743229E-001
 6.0000000E+001, 2.5000355E+001, 9.9984080E-001, 3.2367259E-006, 0.0000000E+000, 1.1805457E-001
 7.2000000E+001, 2.6000355E+001, 9.9980032E-001, 3.5100663E-006, 0.0000000E+000, 1.1872465E-001
 8.4000000E+001, 2.7000353E+001, 9.9975646E-001, 3.8042936E-006, 0.0000000E+000, 1.1944587E-001
 9.6000000E+001, 2.8000353E+001, 9.9970895E-001, 4.1208164E-006, 0.0000000E+000, 1.2022161E-001
 1.0800000E+002, 2.9000353E+001, 9.9965745E-001, 4.4611220E-006, 0.0000000E+000, 1.2105553E-001
 1.2000000E+002, 3.0000353E+001, 9.9960178E-001, 4.8267807E-006, 0.0000000E+000, 1.2195142E-001
 1.3200000E+002, 3.1000353E+001, 9.9954152E-001, 5.2194464E-006, 0.0000000E+000, 1.2291332E-001
 1.4400000E+002, 3.2000351E+001, 9.9947637E-001, 5.6408626E-006, 0.0000000E+000, 1.2394547E-001
 1.5600000E+002, 3.3000351E+001, 9.9940598E-001, 6.0928623E-006, 0.0000000E+000, 1.2505241E-001
 1.6800000E+002, 3.4000351E+001, 9.9932998E-001, 6.5773729E-006, 0.0000000E+000, 1.2623872E-001
 1.8000000E+002, 3.5000351E+001, 9.9924803E-001, 7.0964170E-006, 0.0000000E+000, 1.2750936E-001
 1.9200000E+002, 3.6000347E+001, 9.9915951E-001, 7.6521155E-006, 0.0000000E+000, 1.2886956E-001
 2.0400000E+002, 3.7000347E+001, 9.9906421E-001, 8.2466904E-006, 0.0000000E+000, 1.3032463E-001
 2.1600000E+002, 3.8000347E+001, 9.9896145E-001, 8.8824654E-006, 0.0000000E+000, 1.3188025E-001
 2.2800000E+002, 3.9000347E+001, 9.9885082E-001, 9.5618661E-006, 0.0000000E+000, 1.3354233E-001
 2.4000000E+002, 4.0000347E+001, 9.9873179E-001, 1.0287425E-005, 0.0000000E+000, 1.3531703E-001
 2.5200000E+002, 4.1000343E+001, 9.9860370E-001, 1.1061776E-005, 0.0000000E+000, 1.3721071E-001
 2.6400000E+002, 4.2000343E+001, 9.9846607E-001, 1.1887660E-005, 0.0000000E+000, 1.3923003E-001
 2.7600000E+002, 4.3000343E+001, 9.9831820E-001, 1.2767920E-005, 0.0000000E+000, 1.4138190E-001
 2.8800000E+002, 4.4000340E+001, 9.9815941E-001, 1.3705504E-005, 1.6623527E-038, 1.4367345E-001
 3.0000000E+002, 4.5000340E+001, 9.9798900E-001, 1.4703454E-005, 3.1095519E-038, 1.4611205E-001
 3.1200000E+002, 4.6000340E+001, 9.9780625E-001, 1.5764912E-005, 5.7938608E-038, 1.4870535E-001
 3.2400000E+002, 4.7000336E+001, 9.9761039E-001, 1.6893109E-005, 1.0753501E-037, 1.5146112E-001
 3.3600000E+002, 4.8000336E+001, 9.9740052E-001, 1.8091365E-005, 1.9881954E-037, 1.5438733E-001
 3.4800000E+002, 4.9000332E+001, 9.9717587E-001, 1.9363071E-005, 3.6619395E-037, 1.5749229E-001
 3.6000000E+002, 5.0000332E+001, 9.9693549E-001, 2.0711694E-005, 6.7192620E-037, 1.6078427E-001
 3.7200000E+002, 5.1000332E+001, 9.9667847E-001, 2.2140755E-005, 1.2283030E-036, 1.6427177E-001
 3.8400000E+002, 5.2000328E+001, 9.9640375E-001, 2.3653824E-005, 2.2370616E-036, 1.6796340E-001
 3.9600000E+002, 5.3000328E+001, 9.9611038E-001, 2.5254496E-005, 4.0593237E-036, 1.7186785E-001
 4.0800000E+002, 5.4000324E+001, 9.9579728E-001, 2.6946387E-005, 7.3391779E-036, 1.7599370E-001
 4.2000000E+002, 5.5000320E+001, 9.9546331E-001, 2.8733104E-005, 1.3221282E-035, 1.8034962E-001
 4.3200000E+002, 5.6000320E+001, 9.9510729E-001, 3.0618226E-005, 2.3732661E-035, 1.8494420E-001
 4.4400000E+002, 5.7000317E+001, 9.9472803E-001, 3.2605276E-005, 4.2450241E-035, 1.8978576E-001
 4.5600000E+002, 5.8000313E+001, 9.9432433E-001, 3.4697707E-005, 7.5663885E-035, 1.9488260E-001
 4.6800000E+002, 5.9000313E+001, 9.9389482E-001, 3.6898840E-005, 1.3439580E-034, 2.0024255E-001
 4.8000000E+002, 6.0000309E+001, 9.9343824E-001, 3.9211860E-005, 2.3789476E-034, 2.0587307E-001
 4.9200000E+002, 6.1000305E+001, 9.9295324E-001, 4.1639763E-005, 4.1966204E-034, 2.1178128E-001
 5.0400000E+002, 6.2000301E+001, 9.9243844E-001, 4.4185308E-005, 7.3780803E-034, 2.1797347E-001
 5.1600000E+002, 6.3000298E+001, 9.9189234E-001, 4.6850975E-005, 1.2927934E-033, 2.2445548E-001
 5.2800000E+002, 6.4000298E+001, 9.9131346E-001, 4.9638915E-005, 2.2577187E-033, 2.3123215E-001
 5.4000000E+002, 6.5000290E+001, 9.9070042E-001, 5.2550888E-005, 3.9298716E-033, 2.3830730E-001
 5.5200000E+002, 6.6000290E+001, 9.9005175E-001, 5.5588203E-005, 6.8181626E-033, 2.4568373E-001
 5.6400000E+002, 6.7000282E+001, 9.8936582E-001, 5.8751652E-005, 1.1790966E-032, 2.5336286E-001
 5.7600000E+002, 6.8000282E+001, 9.8864114E-001, 6.2041450E-005, 2.0325292E-032, 2.6134479E-001
 5.8800000E+002, 6.9000275E+001, 9.8787624E-001, 6.5457127E-005, 3.4925433E-032, 2.6962769E-001
 6.0000000E+002, 7.0000267E+001, 9.8706967E-001, 6.8997499E-005, 5.9824140E-032, 2.7820814E-001
 6.1200000E+002, 7.1000267E+001, 9.8621982E-001, 7.2660543E-005, 1.0215340E-031, 2.8708056E-001
 6.2400000E+002, 7.2000259E+001, 9.8532528E-001, 7.6443306E-005, 1.7389320E-031, 2.9623702E-001
 6.3600000E+002, 7.3000259E+001, 9.8438466E-001, 8.0341873E-005, 2.9510562E-031, 3.0566722E-001
 6.4800000E+002, 7.4000252E+001, 9.8339659E-001, 8.4351188E-005, 4.9928558E-031, 3.1535801E-001
 6.6000000E+002, 7.5000244E+001, 9.8235977E-001, 8.8465044E-005, 8.4218725E-031, 3.2529348E-001
 6.7200000E+002, 7.6000237E+001, 9.8127300E-001, 9.2675917E-005, 1.4163403E-030, 3.3545426E-001
 6.8400000E+002, 7.7000237E+001, 9.8013514E-001, 9.6974924E-005, 2.3748546E-030, 3.4581780E-001
 6.9600000E+002, 7.8000229E+001, 9.7894526E-001, 1.0135171E-004, 3.9703426E-030, 3.5635784E-001
 7.0800000E+002, 7.9000221E+001, 9.7770238E-001, 1.0579437E-004, 6.6183740E-030, 3.6704418E-001
 7.2000000E+002, 8.0000221E+001, 9.7640592E-001, 1.1028935E-004, 1.1000636E-029, 3.7784269E-001
 7.3200000E+002, 8.1000214E+001, 9.7505528E-001, 1.1482141E-004, 1.8232160E-029, 3.8871512E-001
 7.4400000E+002, 8.2000206E+001, 9.7365010E-001, 1.1937352E-004, 3.0131640E-029, 3.9961857E-001
 7.5600000E+002, 8.3000198E+001, 9.7219026E-001, 1.2392687E-004, 4.9657200E-029, 4.1050598E-001
 7.6800000E+002, 8.4000198E+001, 9.7067589E-001, 1.2846079E-004, 8.1606870E-029, 4.2132562E-001
 7.8000000E+002, 8.5000191E+001, 9.6910733E-001, 1.3295276E-004, 1.3374159E-028, 4.3202132E-001
 7.9200000E+002, 8.6000183E+001, 9.6748525E-001, 1.3737846E-004, 2.1858058E-028, 4.4253230E-001
 8.0400000E+002, 8.7000175E+001, 9.6581054E-001, 1.4171175E-004, 3.5626396E-028, 4.5279357E-001
 8.1600000E+002, 8.8000175E+001, 9.6408457E-001, 1.4592479E-004, 5.7910508E-028, 4.6273583E-001
 8.2800000E+002, 8.9000168E+001, 9.6230894E-001, 1.4998818E-004, 9.3880996E-028, 4.7228605E-001
 8.4000000E+002, 9.0000160E+001, 9.6048552E-001, 1.5387102E-004, 1.5178978E-027, 4.8136765E-001
 8.5200000E+002, 9.1000160E+001, 9.5861685E-001, 1.5754122E-004, 2.4477179E-027, 4.8990101E-001
 8.6400000E+002, 9.2000153E+001, 9.5670551E-001, 1.6096560E-004, 3.9368030E-027, 4.9780414E-001
 8.7600000E+002, 9.3000153E+001, 9.5475471E-001, 1.6411033E-004, 6.3153693E-027, 5.0499344E-001
 8.8800000E+002, 9.4000145E+001, 9.5276809E-001, 1.6694114E-004, 1.0104988E-026, 5.1138437E-001
 9.0000000E+002, 9.5000145E+001, 9.5074952E-001, 1.6942376E-004, 1.6127386E-026, 5.1689249E-001
 9.1200000E+002, 9.6000145E+001, 9.4870341E-001, 1.7152433E-004, 2.5673925E-026, 5.2143466E-001
 9.2400000E+002, 9.7000137E+001, 9.4663459E-001, 1.7320990E-004, 4.0768960E-026, 5.2493006E-001
 9.3600000E+002, 9.8000137E+001, 9.4454813E-001, 1.7444899E-004, 6.4578040E-026, 5.2730173E-001
 9.4800000E+002, 9.9000137E+001, 9.4244969E-001, 1.7521203E-004, 1.0203911E-025, 5.2847755E-001
 9.6000000E+002, 1.0000014E+002, 9.4034505E-001, 1.7547210E-004, 1.6083617E-025, 5.2839226E-001
 9.7200000E+002, 1.0100014E+002, 9.3824047E-001, 1.7520545E-004, 2.5289752E-025, 5.2698851E-001
 9.8400000E+002, 1.0200014E+002, 9.3614233E-001, 1.7439215E-004, 3.9669584E-025, 5.2421868E-001
 9.9600000E+002, 1.0300014E+002, 9.3405730E-001, 1.7301671E-004, 6.2077087E-025, 5.2004647E-001
 1.0080000E+003, 1.0400014E+002, 9.3199223E-001, 1.7106871E-004, 9.6911168E-025, 5.1444805E-001
 1.0200000E+003, 1.0500015E+002, 9.2995399E-001, 1.6854331E-004, 1.5093620E-024, 5.0741380E-001
 1.0320000E+003, 1.0600015E+002, 9.2794955E-001, 1.6544182E-004, 2.3452985E-024, 4.9894944E-001
 1.0440000E+003, 1.0700016E+002, 9.2598569E-001, 1.6177208E-004, 3.6357660E-024, 4.8907697E-001
 1.0560000E+003, 1.0800017E+002, 9.2406929E-001, 1.5754886E-004, 5.6233464E-024, 4.7783577E-001
 1.0680000E+003, 1.0900018E+002, 9.2220670E-001, 1.5279400E-004, 8.6776601E-024, 4.6528274E-001
 1.0800000E+003, 1.1000018E+002, 9.2040426E-001, 1.4753656E-004, 1.3360634E-023, 4.5149282E-001
 1.0920000E+003, 1.1100018E+002, 9.1866773E-001, 1.4181269E-004, 2.0524654E-023, 4.3655866E-001
 1.1040000E+003, 1.1200020E+002, 9.1700250E-001, 1.3566548E-004, 3.1459839E-023, 4.2058983E-001
 1.1160000E+003, 1.1300021E+002, 9.1541332E-001, 1.2914445E-004, 4.8114564E-023, 4.0371197E-001
 1.1280000E+003, 1.1400021E+002, 9.1390437E-001, 1.2230496E-004, 7.3424920E-023, 3.8606521E-001
 1.1400000E+003, 1.1500022E+002, 9.1247910E-001, 1.1520751E-004, 1.1180586E-022, 3.6780208E-001
 1.1520000E+003, 1.1600024E+002, 9.1114026E-001, 1.0791665E-004, 1.6988192E-022, 3.4908521E-001
 1.1640000E+003, 1.1700024E+002, 9.0988970E-001, 1.0050002E-004, 2.5757185E-022, 3.3008444E-001
 1.1760000E+003, 1.1800025E+002, 9.0872854E-001, 9.3026945E-005, 3.8969555E-022, 3.1097379E-001
 1.1880000E+003, 1.1900026E+002, 9.0765709E-001, 8.5567211E-005, 5.8834943E-022, 2.9192793E-001
 1.2000000E+003, 1.2000027E+002, 9.0667468E-001, 7.8189572E-005, 8.8641086E-022, 2.7311879E-001
 1.2120000E+003, 1.2100028E+002, 9.0578002E-001, 7.0960348E-005, 1.3326973E-021, 2.5471193E-001
 1.2240000E+003, 1.2200029E+002, 9.0497088E-001, 6.3942010E-005, 1.9995468E-021, 2.3686282E-001
 1.2360000E+003, 1.2300030E+002, 9.0424436E-001, 5.7191850E-005, 2.9939324E-021, 2.1971390E-001
 1.2480000E+003, 1.2400031E+002, 9.0359706E-001, 5.0760773E-005, 4.4737268E-021, 2.0339136E-001
 1.2600000E+003, 1.2500032E+002, 9.0302473E-001, 4.4692300E-005, 6.6714568E-021, 1.8800263E-001
 1.2720000E+003, 1.2600033E+002, 9.0252292E-001, 3.9021746E-005, 9.9289235E-021, 1.7363459E-001
 1.2840000E+003, 1.2700034E+002, 9.0208656E-001, 3.3775694E-005, 1.4747570E-020, 1.6035195E-001
 1.2960000E+003, 1.2800034E+002, 9.0171057E-001, 2.8971715E-005, 2.1861606E-020, 1.4819686E-001
 1.3080000E+003, 1.2900035E+002, 9.0138948E-001, 2.4618397E-005, 3.2343967E-020, 1.3718897E-001
 1.3200000E+003, 1.3000035E+002, 9.0111798E-001, 2.0715657E-005, 4.7759580E-020, 1.2732615E-001
 1.3320000E+003, 1.3100035E+002, 9.0089059E-001, 1.7255319E-005, 7.0386595E-020, 1.1858612E-001
 1.3440000E+003, 1.3200035E+002, 9.0070218E-001, 1.4221935E-005, 1.0353517E-019, 1.1092824E-001
 1.3560000E+003, 1.3300037E+002, 9.0054768E-001, 1.1593797E-005, 1.5200589E-019, 1.0429654E-001
 1.3680000E+003, 1.3400037E+002, 9.0042239E-001, 9.3441040E-006, 2.2274790E-019, 9.8622270E-002
 1.3800000E+003, 1.3500037E+002, 9.0032202E-001, 7.4422078E-006, 3.2580186E-019, 9.3827158E-002
 1.3920000E+003, 1.3600037E+002, 9.0024257E-001, 5.8548885E-006, 4.7564855E-019, 8.9826696E-002
 1.4040000E+003, 1.3700037E+002, 9.0018040E-001, 4.5475963E-006, 6.9313434E-019, 8.6533144E-002
 1.4160000E+003, 1.3800037E+002, 9.0013248E-001, 3.4856059E-006, 1.0082150E-018, 8.3858497E-002
 1.4280000E+003, 1.3900037E+002, 9.0009594E-001, 2.6350403E-006, 1.4638585E-018, 8.1716955E-002
 1.4400000E+003, 1.4000038E+002, 9.0006852E-001, 1.9637262E-006, 2.1215880E-018, 8.0027305E-002
 1.4520000E+003, 1.4100038E+002, 9.0004820E-001, 1.4418619E-006, 3.0693380E-018, 7.8714132E-002
 1.4640000E+003, 1.4200038E+002, 9.0003341E-001, 1.0424903E-006, 4.4325710E-018, 7.7709481E-002
 1.4760000E+003, 1.4300038E+002, 9.0002280E-001, 7.4177916E-007, 6.3899810E-018, 7.6953210E-002
 1.4880000E+003, 1.4400038E+002, 9.0001529E-001, 5.1912474E-007, 9.1956378E-018, 7.6393276E-002
 1.5000000E+003, 1.4500038E+002, 9.0001011E-001, 3.5710426E-007, 1.3210158E-017, 7.5986043E-002
 1.5120000E+003, 1.4600038E+002, 9.0000653E-001, 2.4130574E-007, 1.8944514E-017, 7.5695015E-002
 1.5240000E+003, 1.4700038E+002, 9.0000415E-001, 1.6006771E-007, 2.7121494E-017, 7.5490877E-002
 1.5360000E+003, 1.4800038E+002, 9.0000260E-001, 1.0416173E-007, 3.8761779E-017, 7.5350419E-002
 1.5480000E+003, 1.4900038E+002, 9.0000159E-001, 6.6447164E-008, 5.5304316E-017, 7.5255692E-002
 1.5600000E+003, 1.5000038E+002, 9.0000093E-001, 4.1523542E-008, 7.8774349E-017, 7.5193070E-002
 1.5720000E+003, 1.5100038E+002, 9.0000057E-001, 2.5400245E-008, 1.1201758E-016, 7.5152561E-002
 1.5840000E+003, 1.5200038E+002, 9.0000033E-001, 1.5197520E-008, 1.5902606E-016, 7.5126976E-002
 1.5960000E+003, 1.5300038E+002, 9.0000015E-001, 8.8869765E-009, 2.2539078E-016, 7.5111106E-002
 1.6080000E+003, 1.5400038E+002, 9.0000010E-001, 5.0748885E-009, 3.1892961E-016, 7.5101562E-002
 1.6200000E+003, 1.5500038E+002, 9.0000004E-001, 2.8276370E-009, 4.5055652E-016, 7.5095899E-002
 1.6320000E+003, 1.5600038E+002, 9.0000004E-001, 1.5359174E-009, 6.3548366E-016, 7.5092658E-002
 1.6440000E+003, 1.5700038E+002, 9.0000004E-001, 8.1258705E-010, 8.9488057E-016, 7.5090840E-002
 1.6560000E+003, 1.5800038E+002, 9.0000004E-001, 4.1833934E-010, 1.2581608E-015, 7.5089917E-002
 1.6680000E+003, 1.5900038E+002, 8.9999998E-001, 2.0937806E-010, 1.7661291E-015, 7.5089335E-002
 1.6800000E+003, 1.6000038E+002, 8.9999998E-001, 1.0177748E-010, 2.4753045E-015, 7.5089067E-002
 1.6920000E+003, 1.6100038E+002, 8.9999998E-001, 4.8001193E-011, 3.4638531E-015, 7.5088911E-002
 1.7040000E+003, 1.6200038E+002, 8.9999998E-001, 2.1942236E-011, 4.8397129E-015, 7.5088888E-002
 1.7160000E+003, 1.6300038E+002, 8.9999998E-001, 9.7112153E-012, 6.7517072E-015, 7.5088814E-002
 1.7280000E+003, 1.6400038E+002, 8.9999998E-001, 4.1567309E-012, 9.4047246E-015, 7.5088806E-002
 1.7400000E+003, 1.6500038E+002, 8.9999998E-001, 1.7187930E-012, 1.3080416E-014, 7.5088784E-002
 1.7520000E+003, 1.6600038E+002, 8.9999998E-001, 6.8577603E-013, 1.8165382E-014, 7.5088829E-002
 1.7640000E+003, 1.6700038E+002, 8.9999998E-001, 2.6369865E-013, 2.5189494E-014, 7.5088844E-002
 1.7760000E+003, 1.6800038E+002, 8.9999998E-001, 9.7604149E-014, 3.4877930E-014, 7.5088821E-002
 1.7880000E+003, 1.6900038E+002, 8.9999998E-001, 3.4731898E-014, 4.8221714E-014, 7.5088799E-002
 1.8000000E+003, 1.7000038E+002, 8.9999998E-001, 1.1868383E-014, 6.6573232E-014, 7.5088829E-002
 1.8120000E+003, 1.7100038E+002, 8.9999998E-001, 3.8920698E-015, 9.1775329E-014, 7.5088844E-002
 1.8240000E+003, 1.7200038E+002, 8.9999998E-001, 1.2271182E-015, 1.2633563E-013, 7.5088821E-002
 1.8360000E+003, 1.7300038E+002, 8.9999998E-001, 3.7701722E-016, 1.7366149E-013, 7.5088821E-002
 1.8480000E+003, 1.7400038E+002, 8.9999998E-001, 1.2052551E-016, 2.3837632E-013, 7.5088792E-002
 1.8600000E+003, 1.7500038E+002, 8.9999998E-001, 5.0362508E-017, 3.2674495E-013, 7.5088821E-002
 1.8720000E+003, 1.7600038E+002, 8.9999998E-001, 3.7274151E-017, 4.4724429E-013, 7.5088821E-002
 1.8840000E+003, 1.7700038E+002, 8.9999998E-001, 4.2643510E-017, 6.1132902E-013, 7.5088821E-002
 1.8960000E+003, 1.7800038E+002, 8.9999998E-001, 5.6137876E-017, 8.3445609E-013, 7.5088851E-002
 1.9080000E+003, 1.7900038E+002, 8.9999998E-001, 7.6032788E-017, 1.1374551E-012, 7.5088769E-002
 1.9200000E+003, 1.8000038E+002, 8.9999998E-001, 1.0338991E-016, 1.5483577E-012, 7.5088806E-002
 1.9320000E+003, 1.8100038E+002, 8.9999998E-001, 1.4052506E-016, 2.1048371E-012, 7.5088821E-002
 1.9440000E+003, 1.8200038E+002, 8.9999998E-001, 1.9076753E-016, 2.8574571E-012, 7.5088799E-002
 1.9560000E+003, 1.8300038E+002, 8.9999998E-001, 2.5863193E-016, 3.8739931E-012, 7.5088821E-002
 1.9680000E+003, 1.8400038E+002, 8.9999998E-001, 3.5017313E-016, 5.2451719E-012, 7.5088806E-002
 1.9800000E+003, 1.8500038E+002, 8.9999998E-001, 4.7348819E-016, 7.0922834E-012, 7.5088792E-002
 1.9920000E+003, 1.8600038E+002, 8.9999998E-001, 6.3938848E-016, 9.5772695E-012, 7.5088806E-002
 2.0040000E+003, 1.8700038E+002, 8.9999998E-001, 8.6229013E-016, 1.2916068E-011, 7.5088799E-002
 2.0160000E+003, 1.8800038E+002, 8.9999998E-001, 1.1613916E-015, 1.7396249E-011, 7.5088814E-002
 2.0280000E+003, 1.8900038E+002, 8.9999998E-001, 1.5622278E-015, 2.3400292E-011, 7.5088806E-002
 2.0400000E+003, 1.9000038E+002, 8.9999998E-001, 2.0987173E-015, 3.1436260E-011, 7.5088806E-002
 2.0520000E+003, 1.9100038E+002, 8.9999998E-001, 2.8158600E-015, 4.2178195E-011, 7.5088836E-002
 2.0640000E+003, 1.9200038E+002, 8.9999998E-001, 3.7732823E-015, 5.6519230E-011, 7.5088792E-002
 2.0760000E+003, 1.9300038E+002, 8.9999998E-001, 5.0498935E-015, 7.5641327E-011, 7.5088829E-002
 2.0880000E+003, 1.9400038E+002, 8.9999998E-001, 6.7499920E-015, 1.0110676E-010, 7.5088829E-002
 2.1000000E+003, 1.9500038E+002, 8.9999998E-001, 9.0112684E-015, 1.3497796E-010, 7.5088806E-002
 2.1120000E+003, 1.9600038E+002, 8.9999998E-001, 1.2015273E-014, 1.7997434E-010, 7.5088799E-002
 2.1240000E+003, 1.9700038E+002, 8.9999998E-001, 1.6001101E-014, 2.3967725E-010, 7.5088821E-002
 2.1360000E+003, 1.9800038E+002, 8.9999998E-001, 2.1283249E-014, 3.1879746E-010, 7.5088814E-002
 2.1480000E+003, 1.9900038E+002, 8.9999998E-001, 2.8274908E-014, 4.2352410E-010, 7.5088806E-002
 2.1600000E+003, 2.0000038E+002, 8.9999998E-001, 3.7518291E-014, 5.6197885E-010, 7.5088821E-002
 2.1720000E+003, 2.0100038E+002, 8.9999998E-001, 4.9724073E-014, 7.4480683E-010, 7.5088829E-002
 2.1840000E+003, 2.0200038E+002, 8.9999998E-001, 6.5822673E-014, 9.8594444E-010, 7.5088799E-002
 2.1960000E+003, 2.0300038E+002, 8.9999998E-001, 8.7030731E-014, 1.3036157E-009, 7.5088806E-002
 2.2080000E+003, 2.0400038E+002, 8.9999998E-001, 1.1493740E-013, 1.7216240E-009, 7.5088806E-002
 2.2200000E+003, 2.0500038E+002, 8.9999998E-001, 1.5161593E-013, 2.2710243E-009, 7.5088836E-002
 2.2320000E+003, 2.0600038E+002, 8.9999998E-001, 1.9976815E-013, 2.9922866E-009, 7.5088836E-002
 2.2440000E+003, 2.0700038E+002, 8.9999998E-001, 2.6291100E-013, 3.9380903E-009, 7.5088829E-002
 2.2560000E+003, 2.0800038E+002, 8.9999998E-001, 3.4561725E-013, 5.1769304E-009, 7.5088859E-002
 2.2680000E+003, 2.0900038E+002, 8.9999998E-001, 4.5382594E-013, 6.7977668E-009, 7.5088777E-002
 2.2800000E+003, 2.1000038E+002, 8.9999998E-001, 5.9524201E-013, 8.9160093E-009, 7.5088792E-002
 2.2920000E+003, 2.1100038E+002, 8.9999998E-001, 7.7985020E-013, 1.1681217E-008, 7.5088836E-002
 2.3040000E+003, 2.1200038E+002, 8.9999998E-001, 1.0205756E-012, 1.5286993E-008, 7.5088844E-002
 2.3160000E+003, 2.1300038E+002, 8.9999998E-001, 1.3341309E-012, 1.9983677E-008, 7.5088806E-002
 2.3280000E+003, 2.1400038E+002, 8.9999998E-001, 1.7421040E-012, 2.6094622E-008, 7.5088769E-002
 2.3400000E+003, 2.1500038E+002, 8.9999998E-001, 2.2723485E-012, 3.4037047E-008, 7.5088821E-002
 2.3520000E+003, 2.1600038E+002, 8.9999998E-001, 2.9607653E-012, 4.4348702E-008, 7.5088874E-002
 2.3640000E+003, 2.1700038E+002, 8.9999998E-001, 3.8535772E-012, 5.7721948E-008, 7.5088814E-002
 2.3760000E+003, 2.1800038E+002, 8.9999998E-001, 5.0102340E-012, 7.5047282E-008, 7.5088844E-002
 2.3880000E+003, 2.1900038E+002, 8.9999998E-001, 6.5071191E-012, 9.7468813E-008, 7.5088836E-002
 2.4000000E+003, 2.2000038E+002, 8.9999998E-001, 8.4422669E-012, 1.2645499E-007, 7.5088814E-002
 2.4120000E+003, 2.2100038E+002, 8.9999998E-001, 1.0941370E-011, 1.6388856E-007, 7.5088806E-002
 2.4240000E+003, 2.2200038E+002, 8.9999998E-001, 1.4165422E-011, 2.1218098E-007, 7.5088829E-002
 2.4360000E+003, 2.2300038E+002, 8.9999998E-001, 1.8320411E-011, 2.7441772E-007, 7.5088844E-002
 2.4480000E+003, 2.2400038E+002, 8.9999998E-001, 2.3669632E-011, 3.5454261E-007, 7.5088888E-002
 2.4600000E+003, 2.2500038E+002, 8.9999998E-001, 3.0549292E-011, 4.5759163E-007, 7.5088866E-002
 2.4720000E+003, 2.2600038E+002, 8.9999998E-001, 3.9388257E-011, 5.8998870E-007, 7.5088911E-002
 2.4840000E+003, 2.2700038E+002, 8.9999998E-001, 5.0733060E-011, 7.5992023E-007, 7.5088874E-002
 2.4960000E+003, 2.2800038E+002, 8.9999998E-001, 6.5279476E-011, 9.7780810E-007, 7.5088829E-002
 2.5080000E+003, 2.2900038E+002, 8.9999998E-001, 8.3912419E-011, 1.2569070E-006, 7.5088993E-002
 2.5200000E+003, 2.3000038E+002, 8.9999998E-001, 1.0775621E-010, 1.6140583E-006, 7.5089045E-002
 2.5320000E+003, 2.3100038E+002, 8.9999998E-001, 1.3823802E-010, 2.0706391E-006, 7.5089045E-002
 2.5440000E+003, 2.3200038E+002, 8.9999998E-001, 1.7716761E-010, 2.6537577E-006, 7.5089097E-002
 2.5560000E+003, 2.3300038E+002, 8.9999998E-001, 2.2683780E-010, 3.3977572E-006, 7.5089231E-002
 2.5680000E+003, 2.3400038E+002, 8.9999998E-001, 2.9015043E-010, 4.3461041E-006, 7.5089298E-002
 2.5800000E+003, 2.3500038E+002, 8.9999998E-001, 3.7077483E-010, 5.5537607E-006, 7.5089432E-002
 2.5920000E+003, 2.3600038E+002, 8.9999998E-001, 4.7334625E-010, 7.0901574E-006, 7.5089611E-002
 2.6040000E+003, 2.3700038E+002, 8.9999998E-001, 6.0371486E-010, 9.0429221E-006, 7.5089835E-002
 2.6160000E+003, 2.3800038E+002, 8.9999998E-001, 7.6925682E-010, 1.1522541E-005, 7.5090125E-002
 2.6280000E+003, 2.3900038E+002, 8.9999998E-001, 9.7926423E-010, 1.4668200E-005, 7.5090431E-002
 2.6400000E+003, 2.4000038E+002, 8.9999992E-001, 1.2454314E-009, 1.8655064E-005, 7.5090915E-002
 2.6520000E+003, 2.4100038E+002, 8.9999992E-001, 1.5824630E-009, 2.3703393E-005, 7.5091496E-002
 2.6640000E+003, 2.4200038E+002, 8.9999992E-001, 2.0088315E-009, 3.0089879E-005, 7.5092122E-002
 2.6760000E+003, 2.4300038E+002, 8.9999986E-001, 2.5477218E-009, 3.8161805E-005, 7.5093113E-002
 2.6880000E+003, 2.4400038E+002, 8.9999986E-001, 3.2282064E-009, 4.8354646E-005, 7.5094230E-002
 2.7000000E+003, 2.4500038E+002, 8.9999980E-001, 4.0867096E-009, 6.1213992E-005, 7.5095631E-002
 2.7120000E+003, 2.4600038E+002, 8.9999974E-001, 5.1688236E-009, 7.7422759E-005, 7.5097412E-002
 2.7240000E+003, 2.4700038E+002, 8.9999968E-001, 6.5315664E-009, 9.7835007E-005, 7.5099692E-002
 2.7360000E+003, 2.4800038E+002, 8.9999956E-001, 8.2461833E-009, 1.2351789E-004, 7.5102568E-002
 2.7480000E+003, 2.4900038E+002, 8.9999950E-001, 1.0401616E-008, 1.5580369E-004, 7.5106084E-002
 2.7600000E+003, 2.5000038E+002, 8.9999932E-001, 1.3108805E-008, 1.9635413E-004, 7.5110659E-002
 2.7720000E+003, 2.5100038E+002, 8.9999914E-001, 1.6506007E-008, 2.4724012E-004, 7.5116284E-002
 2.7840000E+003, 2.5200038E+002, 8.9999890E-001, 2.0765373E-008, 3.1104032E-004, 7.5123377E-002
 2.7960000E+003, 2.5300038E+002, 8.9999866E-001, 2.6101079E-008, 3.9096276E-004, 7.5132281E-002
 2.8080000E+003, 2.5400038E+002, 8.9999831E-001, 3.2779347E-008, 4.9099518E-004, 7.5143389E-002
 2.8200000E+003, 2.5500038E+002, 8.9999783E-001, 4.1130821E-008, 6.1609026E-004, 7.5157255E-002
 2.8320000E+003, 2.5600037E+002, 8.9999729E-001, 5.1565809E-008, 7.7239377E-004, 7.5174585E-002
 2.8440000E+003, 2.5700037E+002, 8.9999658E-001, 6.4593046E-008, 9.6752605E-004, 7.5196348E-002
 2.8560000E+003, 2.5800037E+002, 8.9999574E-001, 8.0842767E-008, 1.2109274E-003, 7.5223289E-002
 2.8680000E+003, 2.5900037E+002, 8.9999467E-001, 1.0109510E-007, 1.5142830E-003, 7.5257033E-002
 2.8800000E+003, 2.6000037E+002, 8.9999330E-001, 1.2631492E-007, 1.8920455E-003, 7.5298943E-002
 2.8920000E+003, 2.6100037E+002, 8.9999157E-001, 1.5769457E-007, 2.3620748E-003, 7.5351261E-002
 2.9040000E+003, 2.6200037E+002, 8.9998949E-001, 1.9670634E-007, 2.9464243E-003, 7.5416155E-002
 2.9160000E+003, 2.6300037E+002, 8.9998686E-001, 2.4516666E-007, 3.6723015E-003, 7.5496800E-002
 2.9280000E+003, 2.6400037E+002, 8.9998353E-001, 3.0531479E-007, 4.5732483E-003, 7.5596951E-002
 2.9400000E+003, 2.6500037E+002, 8.9997947E-001, 3.7990890E-007, 5.6905784E-003, 7.5721063E-002
 2.9520000E+003, 2.6600037E+002, 8.9997435E-001, 4.7234371E-007, 7.0751407E-003, 7.5874895E-002
 2.9640000E+003, 2.6700037E+002, 8.9996803E-001, 5.8679393E-007, 8.7894667E-003, 7.6065443E-002
 2.9760000E+003, 2.6800037E+002, 8.9996016E-001, 7.2838935E-007, 1.0910396E-002, 7.6300964E-002
 2.9880000E+003, 2.6900037E+002, 8.9995039E-001, 9.0342826E-007, 1.3532269E-002, 7.6592326E-002
 3.0000000E+003, 2.7000037E+002, 8.9993829E-001, 1.1196375E-006, 1.6770823E-002, 7.6952092E-002
 3.0120000E+003, 2.7100037E+002, 8.9992332E-001, 1.3864889E-006, 2.0767935E-002, 7.7396162E-002
 3.0240000E+003, 2.7200037E+002, 8.9990479E-001, 1.7155833E-006, 2.5697373E-002, 7.7943794E-002
 3.0360000E+003, 2.7300037E+002, 8.9988184E-001, 2.1211183E-006, 3.1771801E-002, 7.8618668E-002
 3.0480000E+003, 2.7400037E+002, 8.9985353E-001, 2.6204552E-006, 3.9251264E-002, 7.9449475E-002
 3.0600000E+003, 2.7500037E+002, 8.9981848E-001, 3.2348050E-006, 4.8453487E-002, 8.0471791E-002
 3.0720000E+003, 2.7600037E+002, 8.9977533E-001, 3.9900624E-006, 5.9766330E-002, 8.1728570E-002
 3.0840000E+003, 2.7700037E+002, 8.9972204E-001, 4.9178093E-006, 7.3662862E-002, 8.3272330E-002
 3.0960000E+003, 2.7800037E+002, 8.9965641E-001, 6.0565330E-006, 9.0719581E-002, 8.5167095E-002
 3.1080000E+003, 2.7900037E+002, 8.9957565E-001, 7.4530917E-006, 1.1163834E-001, 8.7490886E-002
 3.1200000E+003, 2.8000037E+002, 8.9947629E-001, 9.1644797E-006, 1.3727288E-001, 9.0338483E-002
 3.1320000E+003, 2.8100037E+002, 8.9935416E-001, 1.1259950E-005, 1.6866051E-001, 9.3825132E-002
 3.1440000E+003, 2.8200037E+002, 8.9920413E-001, 1.3823566E-005, 2.0706040E-001, 9.8090723E-002
 3.1560000E+003, 2.8300037E+002, 8.9902008E-001, 1.6957250E-005, 2.5399920E-001, 1.0330468E-001
 3.1680000E+003, 2.8400037E+002, 8.9879435E-001, 2.0784426E-005, 3.1132567E-001, 1.0967242E-001
 3.1800000E+003, 2.8500037E+002, 8.9851785E-001, 2.5454357E-005, 3.8127565E-001, 1.1744234E-001
 3.1920000E+003, 2.8600034E+002, 8.9817929E-001, 3.1147301E-005, 4.6654910E-001, 1.2691422E-001
 3.2040000E+003, 2.8700034E+002, 8.9776528E-001, 3.8080576E-005, 5.7040119E-001, 1.3844949E-001
 3.2160000E+003, 2.8800034E+002, 8.9725929E-001, 4.6515710E-005, 6.9674933E-001, 1.5248337E-001
 3.2280000E+003, 2.8900034E+002, 8.9664155E-001, 5.6766774E-005, 8.5029799E-001, 1.6953819E-001
 3.2400000E+003, 2.9000031E+002, 8.9588803E-001, 6.9210037E-005, 1.0366831E+000, 1.9023977E-001
 3.2520000E+003, 2.9100031E+002, 8.9496982E-001, 8.4295025E-005, 1.2626381E+000, 2.1533594E-001
 3.2640000E+003, 2.9200027E+002, 8.9385211E-001, 1.0255701E-004, 1.5361806E+000, 2.4571690E-001
 3.2760000E+003, 2.9300027E+002, 8.9249301E-001, 1.2463091E-004, 1.8668209E+000, 2.8243855E-001
 3.2880000E+003, 2.9400024E+002, 8.9084250E-001, 1.5126630E-004, 2.2657871E+000, 3.2674760E-001
 3.3000000E+003, 2.9500021E+002, 8.8884056E-001, 1.8334319E-004, 2.7462604E+000, 3.8010710E-001
 3.3120000E+003, 2.9600018E+002, 8.8641602E-001, 2.2188755E-004, 3.3236084E+000, 4.4422314E-001
 3.3240000E+003, 2.9700015E+002, 8.8348424E-001, 2.6808534E-004, 4.0155959E+000, 5.2106720E-001
 3.3360000E+003, 2.9800009E+002, 8.7994546E-001, 3.2329289E-004, 4.8425388E+000, 6.1289382E-001
 3.3480000E+003, 2.9900003E+002, 8.7568247E-001, 3.8904019E-004, 5.8273540E+000, 7.2224551E-001
 3.3600000E+003, 2.9999997E+002, 8.7055886E-001, 4.6702253E-004, 6.9954352E+000, 8.5193896E-001
 3.3720000E+003, 3.0099988E+002, 8.6441684E-001, 5.5907381E-004, 8.3742533E+000, 1.0050197E+000
 3.3840000E+003, 3.0199979E+002, 8.5707611E-001, 6.6711259E-004, 9.9925442E+000, 1.1846720E+000
 3.3960000E+003, 3.0299969E+002, 8.4833336E-001, 7.9304853E-004, 1.1878913E+001, 1.3940629E+000
 3.4080000E+003, 3.0399954E+002, 8.3796299E-001, 9.3863485E-004, 1.4059621E+001, 1.6360953E+000
 3.4200000E+003, 3.0499942E+002, 8.2572037E-001, 1.1052489E-003, 1.6555300E+001, 1.9130424E+000
 3.4320000E+003, 3.0599924E+002, 8.1134820E-001, 1.2935818E-003, 1.9376299E+001, 2.2260299E+000
 3.4440000E+003, 3.0699905E+002, 7.9458696E-001, 1.5032204E-003, 2.2516434E+001, 2.5743392E+000
 3.4560000E+003, 3.0799887E+002, 7.7519137E-001, 1.7321132E-003, 2.5944971E+001, 2.9545183E+000
 3.4680000E+003, 3.0899866E+002, 7.5295377E-001, 1.9759294E-003, 2.9597046E+001, 3.3593147E+000
 3.4800000E+003, 3.0999844E+002, 7.2773570E-001, 2.2273571E-003, 3.3363129E+001, 3.7765086E+000
 3.4920000E+003, 3.1099820E+002, 6.9950753E-001, 2.4754386E-003, 3.7079094E+001, 4.1878090E+000
 3.5040000E+003, 3.1199802E+002, 6.6839582E-001, 2.7051226E-003, 4.0519482E+001, 4.5681138E+000
 3.5160000E+003, 3.1299783E+002, 6.3473207E-001, 2.8973019E-003, 4.3398098E+001, 4.8855824E+000
 3.5280000E+003, 3.1399774E+002, 5.9909791E-001, 3.0296973E-003, 4.5381222E+001, 5.1031160E+000
 3.5400000E+003, 3.1499768E+002, 5.6235123E-001, 3.0789671E-003, 4.6119225E+001, 5.1818824E+000
 3.5520000E+003, 3.1599774E+002, 5.2561945E-001, 3.0243059E-003, 4.5300461E+001, 5.0873165E+000
 3.5640000E+003, 3.1699789E+002, 4.9023965E-001, 2.8524315E-003, 4.2725994E+001, 4.7974286E+000
 3.5760000E+003, 3.1799814E+002, 4.5763525E-001, 2.5631869E-003, 3.8393456E+001, 4.3121209E+000
 3.5880000E+003, 3.1899850E+002, 4.2912859E-001, 2.1740897E-003, 3.2565247E+001, 3.6607482E+000
 3.6000000E+003, 3.1999890E+002, 4.0571752E-001, 1.7214440E-003, 2.5785158E+001, 2.9039371E+000
 3.6120000E+003, 3.2099930E+002, 3.8787124E-001, 1.2557409E-003, 1.8809488E+001, 2.1259036E+000
 3.6240000E+003, 3.2199966E+002, 3.7541965E-001, 8.3079288E-004, 1.2444278E+001, 1.4163334E+000
 3.6360000E+003, 3.2299997E+002, 3.6759895E-001, 4.8931414E-004, 7.3293366E+000, 8.4635514E-001
 3.6480000E+003, 3.2400018E+002, 3.6326286E-001, 2.5095194E-004, 3.7589581E+000, 4.4861016E-001
 3.6600000E+003, 3.2500031E+002, 3.6118910E-001, 1.0917372E-004, 1.6352910E+000, 2.1208742E-001
 3.6720000E+003, 3.2600037E+002, 3.6035654E-001, 3.9054379E-005, 5.8498758E-001, 9.5135391E-002
 3.6840000E+003, 3.2700040E+002, 3.6008477E-001, 1.1072327E-005, 1.6585013E-001, 4.8473567E-002
 3.6960000E+003, 3.2800040E+002, 3.6001530E-001, 2.3815332E-006, 3.5672501E-002, 3.3983797E-002
 3.7080000E+003, 3.2900040E+002, 3.6000198E-001, 3.6902406E-007, 5.5275369E-003, 3.0629227E-002
 3.7200000E+003, 3.3000040E+002, 3.6000016E-001, 3.8746666E-008, 5.8037846E-004, 3.0078785E-002
 3.7320000E+003, 3.3100040E+002, 3.6000001E-001, 2.5640299E-009, 3.8406080E-005, 3.0018669E-002
 3.7440000E+003, 3.3200040E+002, 3.6000001E-001, 9.8156240E-011, 1.4702623E-006, 3.0014465E-002
 3.7560000E+003, 3.3300040E+002, 3.6000001E-001, 1.9709481E-012, 2.9522432E-008, 3.0014176E-002
 3.7680000E+003, 3.3400040E+002, 3.6000001E-001, 2.7829261E-014, 4.1684883E-010, 3.0014087E-002
 3.7800000E+003, 3.3500040E+002, 3.6000001E-001, 1.3394445E-014, 2.0063266E-010, 3.0014284E-002
 3.7920000E+003, 3.3600040E+002, 3.6000001E-001, 1.8472078E-014, 2.7668948E-010, 3.0014098E-002
 3.8040000E+003, 3.3700040E+002, 3.6000001E-001, 2.5577086E-014, 3.8311398E-010, 3.0013984E-002
 3.8160000E+003, 3.3800040E+002, 3.6000001E-001, 3.5377402E-014, 5.2991089E-010, 3.0014211E-002
 3.8280000E+003, 3.3900040E+002, 3.6000001E-001, 4.8881045E-014, 7.3217926E-010, 3.0014062E-002
 3.8400000E+003, 3.4000040E+002, 3.6000001E-001, 6.7467882E-014, 1.0105876E-009, 3.0014386E-002
 3.8520000E+003, 3.4100040E+002, 3.6000001E-001, 9.3024607E-014, 1.3933967E-009, 3.0014096E-002
 3.8640000E+003, 3.4200040E+002, 3.6000001E-001, 1.2812832E-013, 1.9192079E-009, 3.0014321E-002
 3.8760000E+003, 3.4300040E+002, 3.6000001E-001, 1.7629541E-013, 2.6406932E-009, 3.0014338E-002
 3.8880000E+003, 3.4400040E+002, 3.6000001E-001, 2.4231916E-013, 3.6296495E-009, 3.0014262E-002
 3.9000000E+003, 3.4500040E+002, 3.6000001E-001, 3.3272663E-013, 4.9838444E-009, 3.0014100E-002
 3.9120000E+003, 3.4600040E+002, 3.6000001E-001, 4.5639675E-013, 6.8362742E-009, 3.0014159E-002
 3.9240000E+003, 3.4700040E+002, 3.6000001E-001, 6.2539568E-013, 9.3676746E-009, 3.0014178E-002
 3.9360000E+003, 3.4800040E+002, 3.6000001E-001, 8.5610430E-013, 1.2823413E-008, 3.0014278E-002
 3.9480000E+003, 3.4900040E+002, 3.6000001E-001, 1.1707391E-012, 1.7536262E-008, 3.0013924E-002
 3.9600000E+003, 3.5000040E+002, 3.6000001E-001, 1.5994006E-012, 2.3957098E-008, 3.0014081E-002
 3.9720000E+003, 3.5100040E+002, 3.6000001E-001, 2.1828316E-012, 3.2696192E-008, 3.0014073E-002
 3.9840000E+003, 3.5200040E+002, 3.6000001E-001, 2.9761246E-012, 4.4578766E-008, 3.0014224E-002
 3.9960000E+003, 3.5300040E+002, 3.6000001E-001, 4.0537031E-012, 6.0719600E-008, 3.0014051E-002
 4.0080000E+003, 3.5400040E+002, 3.6000001E-001, 5.5160074E-012, 8.2623153E-008, 3.0014182E-002
 4.0200000E+003, 3.5500040E+002, 3.6000001E-001, 7.4984550E-012, 1.1231783E-007, 3.0013995E-002
 4.0320000E+003, 3.5600040E+002, 3.6000001E-001, 1.0183447E-011, 1.5253579E-007, 3.0014250E-002
 4.0440000E+003, 3.5700040E+002, 3.6000001E-001, 1.3816435E-011, 2.0695357E-007, 3.0014144E-002
 4.0560000E+003, 3.5800040E+002, 3.5999998E-001, 1.8727391E-011, 2.8051380E-007, 3.0014167E-002
 4.0680000E+003, 3.5900040E+002, 3.5999998E-001, 2.5359501E-011, 3.7985481E-007, 3.0014122E-002
 4.0800000E+003, 3.6000040E+002, 3.5999998E-001, 3.4307432E-011, 5.1388406E-007, 3.0014411E-002
 4.0920000E+003, 3.6100040E+002, 3.5999998E-001, 4.6368367E-011, 6.9454234E-007, 3.0014519E-002
 4.1040000E+003, 3.6200040E+002, 3.5999998E-001, 6.2609959E-011, 9.3782188E-007, 3.0014236E-002
 4.1160000E+003, 3.6300040E+002, 3.5999998E-001, 8.4460765E-011, 1.2651205E-006, 3.0014254E-002
 4.1280000E+003, 3.6400040E+002, 3.5999998E-001, 1.1383045E-010, 1.7050432E-006, 3.0014185E-002
 4.1400000E+003, 3.6500040E+002, 3.5999998E-001, 1.5326951E-010, 2.2957927E-006, 3.0014582E-002
 4.1520000E+003, 3.6600040E+002, 3.5999998E-001, 2.0618106E-010, 3.0883441E-006, 3.0014494E-002
 4.1640000E+003, 3.6700040E+002, 3.5999998E-001, 2.7710181E-010, 4.1506519E-006, 3.0014468E-002
 4.1760000E+003, 3.6800040E+002, 3.5999998E-001, 3.7207415E-010, 5.5732230E-006, 3.0014735E-002
 4.1880000E+003, 3.6900040E+002, 3.5999998E-001, 4.9913840E-010, 7.4764926E-006, 3.0014874E-002
 4.2000000E+003, 3.7000040E+002, 3.5999998E-001, 6.6898392E-010, 1.0020574E-005, 3.0015124E-002
 4.2120000E+003, 3.7100040E+002, 3.5999995E-001, 8.9580909E-010, 1.3418143E-005, 3.0015482E-002
 4.2240000E+003, 3.7200040E+002, 3.5999995E-001, 1.1984562E-009, 1.7951432E-005, 3.0015465E-002
 4.2360000E+003, 3.7300040E+002, 3.5999992E-001, 1.6019081E-009, 2.3994657E-005, 3.0016024E-002
 4.2480000E+003, 3.7400040E+002, 3.5999992E-001, 2.1392599E-009, 3.2043539E-005, 3.0016715E-002
 4.2600000E+003, 3.7500040E+002, 3.5999990E-001, 2.8543148E-009, 4.2754204E-005, 3.0017482E-002
 4.2720000E+003, 3.7600040E+002, 3.5999984E-001, 3.8049972E-009, 5.6994279E-005, 3.0018570E-002
 4.2840000E+003, 3.7700040E+002, 3.5999978E-001, 5.0678377E-009, 7.5910109E-005, 3.0020284E-002
 4.2960000E+003, 3.7800040E+002, 3.5999972E-001, 6.7438628E-009, 1.0101495E-004, 3.0021993E-002
 4.3080000E+003, 3.7900040E+002, 3.5999963E-001, 8.9663184E-009, 1.3430466E-004, 3.0024819E-002
 4.3200000E+003, 3.8000040E+002, 3.5999951E-001, 1.1910796E-008, 1.7840939E-004, 3.0028038E-002
 4.3320000E+003, 3.8100040E+002, 3.5999933E-001, 1.5808485E-008, 2.3679208E-004, 3.0033076E-002
 4.3440000E+003, 3.8200040E+002, 3.5999912E-001, 2.0963526E-008, 3.1400842E-004, 3.0038914E-002
 4.3560000E+003, 3.8300040E+002, 3.5999882E-001, 2.7775680E-008, 4.1604627E-004, 3.0047100E-002
 4.3680000E+003, 3.8400040E+002, 3.5999843E-001, 3.6769947E-008, 5.5076956E-004, 3.0057287E-002
 4.3800000E+003, 3.8500040E+002, 3.5999793E-001, 4.8635226E-008, 7.2849717E-004, 3.0071225E-002
 4.3920000E+003, 3.8600040E+002, 3.5999727E-001, 6.4274708E-008, 9.6275774E-004, 3.0089805E-002
 4.4040000E+003, 3.8700040E+002, 3.5999638E-001, 8.4871544E-008, 1.2712736E-003, 3.0113863E-002
 4.4160000E+003, 3.8800040E+002, 3.5999519E-001, 1.1197434E-007, 1.6772408E-003, 3.0145532E-002
 4.4280000E+003, 3.8900040E+002, 3.5999364E-001, 1.4760832E-007, 2.2109949E-003, 3.0187564E-002
 4.4400000E+003, 3.9000040E+002, 3.5999161E-001, 1.9441984E-007, 2.9121751E-003, 3.0242192E-002
 4.4520000E+003, 3.9100040E+002, 3.5998893E-001, 2.5586397E-007, 3.8325344E-003, 3.0314164E-002
 4.4640000E+003, 3.9200040E+002, 3.5998538E-001, 3.3644793E-007, 5.0395853E-003, 3.0409144E-002
 4.4760000E+003, 3.9300040E+002, 3.5998076E-001, 4.4204654E-007, 6.6213254E-003, 3.0533032E-002
 4.4880000E+003, 3.9400040E+002, 3.5997465E-001, 5.8031077E-007, 8.6923577E-003, 3.0695258E-002
 4.5000000E+003, 3.9500040E+002, 3.5996664E-001, 7.6119647E-007, 1.1401807E-002, 3.0907499E-002
 4.5120000E+003, 3.9600040E+002, 3.5995615E-001, 9.9764748E-007, 1.4943560E-002, 3.1184966E-002
 4.5240000E+003, 3.9700040E+002, 3.5994241E-001, 1.3064783E-006, 1.9569473E-002, 3.1547360E-002
 4.5360000E+003, 3.9800040E+002, 3.5992444E-001, 1.7095120E-006, 2.5606435E-002, 3.2020193E-002
 4.5480000E+003, 3.9900040E+002, 3.5990089E-001, 2.2350475E-006, 3.3478320E-002, 3.2636829E-002
 4.5600000E+003, 4.0000040E+002, 3.5987014E-001, 2.9197458E-006, 4.3734282E-002, 3.3440351E-002
 4.5720000E+003, 4.0100040E+002, 3.5982999E-001, 3.8110581E-006, 5.7085063E-002, 3.4486532E-002
 4.5840000E+003, 4.0200040E+002, 3.5977760E-001, 4.9703362E-006, 7.4449658E-002, 3.5846759E-002
 4.5960000E+003, 4.0300040E+002, 3.5970929E-001, 6.4768219E-006, 9.7015001E-002, 3.7614293E-002
 4.6080000E+003, 4.0400040E+002, 3.5962033E-001, 8.4327430E-006, 1.2631235E-001, 3.9909303E-002
 4.6200000E+003, 4.0500040E+002, 3.5950458E-001, 1.0969812E-005, 1.6431460E-001, 4.2885769E-002
 4.6320000E+003, 4.0600040E+002, 3.5935405E-001, 1.4257492E-005, 2.1356007E-001, 4.6743467E-002
 4.6440000E+003, 4.0700040E+002, 3.5915849E-001, 1.8513454E-005, 2.7730927E-001, 5.1737219E-002
 4.6560000E+003, 4.0800040E+002, 3.5890469E-001, 2.4016774E-005, 3.5974237E-001, 5.8194008E-002
 4.6680000E+003, 4.0900040E+002, 3.5857561E-001, 3.1124451E-005, 4.6620682E-001, 6.6533700E-002
 4.6800000E+003, 4.1000037E+002, 3.5814941E-001, 4.0291965E-005, 6.0352516E-001, 7.7289358E-002
 4.6920000E+003, 4.1100037E+002, 3.5759798E-001, 5.2098545E-005, 7.8037351E-001, 9.1141276E-002
 4.7040000E+003, 4.1200037E+002, 3.5688543E-001, 6.7277848E-005, 1.0077412E+000, 1.0894997E-001
 4.7160000E+003, 4.1300034E+002, 3.5596597E-001, 8.6754459E-005, 1.2994773E+000, 1.3179986E-001
 4.7280000E+003, 4.1400034E+002, 3.5478133E-001, 1.1168612E-004, 1.6729238E+000, 1.6104876E-001
 4.7400000E+003, 4.1500031E+002, 3.5325769E-001, 1.4351064E-004, 2.1496167E+000, 1.9838299E-001
 4.7520000E+003, 4.1600027E+002, 3.5130212E-001, 1.8399429E-004, 2.7560129E+000, 2.4587335E-001
 4.7640000E+003, 4.1700024E+002, 3.4879825E-001, 2.3527577E-004, 3.5241480E+000, 3.0602816E-001
 4.7760000E+003, 4.1800021E+002, 3.4560162E-001, 2.9989416E-004, 4.4920540E+000, 3.8182288E-001
 4.7880000E+003, 4.1900015E+002, 3.4153500E-001, 3.8078125E-004, 5.7036448E+000, 4.7669315E-001
 4.8000000E+003, 4.2000009E+002, 3.3638391E-001, 4.8118681E-004, 7.2075996E+000, 5.9444535E-001
 4.8120000E+003, 4.2100003E+002, 3.2989380E-001, 6.0448865E-004, 9.0545130E+000, 7.3903269E-001
 4.8240000E+003, 4.2199994E+002, 3.2177061E-001, 7.5381767E-004, 1.1291282E+001, 9.1411233E-001
 4.8360000E+003, 4.2299982E+002, 3.1168726E-001, 9.3140756E-004, 1.3951365E+001, 1.1222825E+000
 4.8480000E+003, 4.2399969E+002, 2.9930019E-001, 1.1375640E-003, 1.7039339E+001, 1.3638682E+000
 4.8600000E+003, 4.2499954E+002, 2.8428102E-001, 1.3691681E-003, 2.0508490E+001, 1.6351647E+000
 4.8720000E+003, 4.2599939E+002, 2.6636896E-001, 1.6177155E-003, 2.4231432E+001, 1.9261326E+000
 4.8840000E+003, 4.2699924E+002, 2.4544868E-001, 1.8671129E-003, 2.7967106E+001, 2.2178121E+000
 4.8960000E+003, 4.2799911E+002, 2.2165310E-001, 2.0918720E-003, 3.1333727E+001, 2.4802151E+000
 4.9080000E+003, 4.2899902E+002, 1.9547956E-001, 2.2569660E-003, 3.3806633E+001, 2.6721647E+000
 4.9200000E+003, 4.2999896E+002, 1.6788822E-001, 2.3212680E-003, 3.4769802E+001, 2.7453632E+000
 4.9320000E+003, 4.3099902E+002, 1.4032747E-001, 2.2465847E-003, 3.3651134E+001, 2.6550226E+000
 4.9440000E+003, 4.3199918E+002, 1.1461325E-001, 2.0127269E-003, 3.0148226E+001, 2.3775816E+000
 4.9560000E+003, 4.3299939E+002, 9.2607811E-002, 1.6347602E-003, 2.4486740E+001, 1.9309551E+000
 4.9680000E+003, 4.3399969E+002, 7.5726017E-002, 1.1722989E-003, 1.7559628E+001, 1.3854113E+000
 4.9800000E+003, 4.3499997E+002, 6.4445220E-002, 7.1774598E-004, 1.0750972E+001, 8.4968710E-001
 4.9920000E+003, 4.3600018E+002, 5.8111880E-002, 3.5958691E-004, 5.3861794E+000, 4.2781046E-001
 5.0040000E+003, 4.3700034E+002, 5.5256035E-002, 1.3969903E-004, 2.0925233E+000, 1.6891009E-001
 5.0160000E+003, 4.3800040E+002, 5.4278143E-002, 3.9319839E-005, 5.8896387E-001, 5.0763894E-002
 5.0280000E+003, 4.3900040E+002, 5.4040972E-002, 7.3573624E-006, 1.1020444E-001, 1.3154050E-002
 5.0400000E+003, 4.4000043E+002, 5.4003600E-002, 8.2097677E-007, 1.2297244E-002, 5.4654027E-003
 5.0520000E+003, 4.4100043E+002, 5.4000165E-002, 4.7622642E-008, 7.1332988E-004, 4.5564817E-003
 5.0640000E+003, 4.4200043E+002, 5.4000005E-002, 1.2074709E-009, 1.8086461E-005, 4.5002960E-003
 5.0760000E+003, 4.4300043E+002, 5.4000001E-002, 1.0751713E-011, 1.6104772E-007, 4.5004967E-003
 5.0880000E+003, 4.4400043E+002, 5.4000001E-002, 2.5508128E-014, 3.8208106E-010, 4.5028692E-003
 5.1000000E+003, 4.4500043E+002, 5.4000001E-002, 1.1380289E-017, 1.7046304E-013, 4.5001511E-003
 5.1120000E+003, 4.4600043E+002, 5.4000001E-002, 6.1515308E-022, 9.2142535E-018, 4.4999039E-003
 5.1240000E+003, 4.4700043E+002, 5.4000001E-002, 2.3135226E-027, 3.4653782E-023, 4.5014257E-003
 5.1360000E+003, 4.4800043E+002, 5.4000001E-002, 3.0059379E-034, 4.5025334E-030, 4.5009013E-003
 5.1480000E+003, 4.4900043E+002, 5.4000001E-002, 0.0000000E+000, 0.0000000E+000, 4.5016413E-003
 5.1600000E+003, 4.5000043E+002, 5.4000001E-002, 0.0000000E+000, 0.0000000E+000, 4.5018201E-003
 5.1720000E+003, 4.5100043E+002, 5.4000001E-002, 0.0000000E+000, 0.0000000E+000, 4.5011756E-003
 5.1840000E+003, 4.5200043E+002, 5.4000001E-002, 0.0000000E+000, 0.0000000E+000, 4.5008850E-003
 5.1960000E+003, 4.5300043E+002, 5.4000001E-002, 0.0000000E+000, 0.0000000E+000, 4.5008189E-003
 5.2080000E+003, 4.5400043E+002, 5.4000001E-002, 0.0000000E+000, 0.0000000E+000, 4.5018364E-003
 5.2200000E+003, 4.5500043E+002, 5.4000001E-002, 0.0000000E+000, 0.0000000E+000, 4.5005647E-003
 5.2320000E+003, 4.5600043E+002, 5.4000001E-002, 0.0000000E+000, 0.0000000E+000, 4.4994550E-003
 5.2440000E+003, 4.5700043E+002, 5.4000001E-002, 0.0000000E+000, 0.0000000E+000, 4.5009116E-003
 5.2560000E+003, 4.5800043E+002, 5.4000001E-002, 0.0000000E+000, 0.0000000E+000, 4.4999546E-003
 5.2680000E+003, 4.5900043E+002, 5.4000001E-002, 0.0000000E+000, 0.0000000E+000, 4.5017223E-003
 5.2800000E+003, 4.6000043E+002, 5.4000001E-002, 0.0000000E+000, 0.0000000E+000, 4.5000329E-003
 5.2920000E+003, 4.6100043E+002, 5.4000001E-002, 0.0000000E+000, 0.0000000E+000, 4.5021907E-003
 5.3040000E+003, 4.6200043E+002, 5.4000001E-002, 0.0000000E+000, 0.0000000E+000, 4.5000226E-003
 5.3160000E+003, 4.6300043E+002, 5.4000001E-002, 0.0000000E+000, 0.0000000E+000, 4.5010936E-003
 5.3280000E+003, 4.6400043E+002, 5.4000001E-002, 0.0000000E+000, 0.0000000E+000, 4.5011439E-003
 5.3400000E+003, 4.6500043E+002, 5.4000001E-002, 0.0000000E+000, 0.0000000E+000, 4.5005525E-003
 5.3520000E+003, 4.6600043E+002, 5.4000001E-002, 0.0000000E+000, 0.0000000E+000, 4.4994280E-003
 5.3640000E+003, 4.6700043E+002, 5.4000001E-002, 0.0000000E+000, 0.0000000E+000, 4.4996142E-003
 5.3760000E+003, 4.6800043E+002, 5.4000001E-002, 0.0000000E+000, 0.0000000E+000, 4.5003556E-003
 5.3880000E+003, 4.6900043E+002, 5.4000001E-002, 0.0000000E+000, 0.0000000E+000, 4.5013716E-003
 5.4000000E+003, 4.7000043E+002, 5.4000001E-002, 0.0000000E+000, 0.0000000E+000, 4.5012664E-003
 5.4120000E+003, 4.7100043E+002, 5.4000001E-002, 0.0000000E+000, 0.0000000E+000, 4.5004678E-003
 5.4240000E+003, 4.7200043E+002, 5.4000001E-002, 0.0000000E+000, 0.0000000E+000, 4.4994499E-003
 5.4360000E+003, 4.7300043E+002, 5.4000001E-002, 0.0000000E+000, 0.0000000E+000, 4.5005176E-003
 5.4480000E+003, 4.7400043E+002, 5.4000001E-002, 0.0000000E+000, 0.0000000E+000, 4.4996059E-003
 5.4600000E+003, 4.7500043E+002, 5.4000001E-002, 0.0000000E+000, 0.0000000E+000, 4.5004152E-003
 5.4720000E+003, 4.7600043E+002, 5.4000001E-002, 0.0000000E+000, 0.0000000E+000, 4.5016678E-003
 5.4840000E+003, 4.7700043E+002, 5.4000001E-002, 0.0000000E+000, 0.0000000E+000, 4.5009363E-003
 5.4960000E+003, 4.7800043E+002, 5.4000001E-002, 0.0000000E+000, 0.0000000E+000, 4.5002028E-003
 5.5080000E+003, 4.7900043E+002, 5.4000001E-002, 0.0000000E+000, 0.0000000E+000, 4.5017549E-003
 5.5200000E+003, 4.8000043E+002, 5.4000001E-002, 0.0000000E+000, 0.0000000E+000, 4.5014205E-003
 5.5320000E+003, 4.8100043E+002, 5.4000001E-002, 0.0000000E+000, 0.0000000E+000, 4.5012822E-003
 5.5440000E+003, 4.8200043E+002, 5.4000001E-002, 0.0000000E+000, 0.0000000E+000, 4.5001921E-003
 5.5560000E+003, 4.8300043E+002, 5.4000001E-002, 0.0000000E+000, 0.0000000E+000, 4.4999812E-003
 5.5680000E+003, 4.8400043E+002, 5.4000001E-002, 0.0000000E+000, 0.0000000E+000, 4.5019547E-003
 5.5800000E+003, 4.8500043E+002, 5.4000001E-002, 0.0000000E+000, 0.0000000E+000, 4.5010545E-003
 5.5920000E+003, 4.8600043E+002, 5.4000001E-002, 0.0000000E+000, 0.0000000E+000, 4.5003858E-003
 5.6040000E+003, 4.8700043E+002, 5.4000001E-002, 0.0000000E+000, 0.0000000E+000, 4.5005819E-003
 5.6160000E+003, 4.8800043E+002, 5.4000001E-002, 0.0000000E+000, 0.0000000E+000, 4.5000371E-003
 5.6280000E+003, 4.8900043E+002, 5.4000001E-002, 0.0000000E+000, 0.0000000E+000, 4.5019602E-003
 5.6400000E+003, 4.9000043E+002, 5.4000001E-002, 0.0000000E+000, 0.0000000E+000, 4.5030150E-003
 5.6520000E+003, 4.9100043E+002, 5.4000001E-002, 0.0000000E+000, 0.0000000E+000, 4.5008943E-003
 5.6640000E+003, 4.9200043E+002, 5.4000001E-002, 0.0000000E+000, 0.0000000E+000, 4.5003952E-003
 5.6760000E+003, 4.9300043E+002, 5.4000001E-002, 0.0000000E+000, 0.0000000E+000, 4.5022462E-003
 5.6880000E+003, 4.9400043E+002, 5.4000001E-002, 0.0000000E+000, 0.0000000E+000, 4.5000804E-003
 5.7000000E+003, 4.9500043E+002, 5.4000001E-002, 0.0000000E+000, 0.0000000E+000, 4.5019863E-003
 5.7120000E+003, 4.9600043E+002, 5.4000001E-002, 0.0000000E+000, 0.0000000E+000, 4.5019719E-003
 5.7240000E+003, 4.9700043E+002, 5.4000001E-002, 0.0000000E+000, 0.0000000E+000, 4.5005372E-003
 5.7360000E+003, 4.9800043E+002, 5.4000001E-002, 0.0000000E+000, 0.0000000E+000, 4.5005288E-003
 5.7480000E+003, 4.9900043E+002, 5.4000001E-002, 0.0000000E+000, 0.0000000E+000, 4.5021232E-003
 5.7600000E+003, 5.0000043E+002, 5.4000001E-002, 0.0000000E+000, 0.0000000E+000, 4.5011137E-003
 5.7720000E+003, 5.0100043E+002, 5.4000001E-002, 0.0000000E+000, 0.0000000E+000, 4.4991416E-003
 5.7840000E+003, 5.0200043E+002, 5.4000001E-002, 0.0000000E+000, 0.0000000E+000, 4.4997754E-003
 5.7960000E+003, 5.0300043E+002, 5.4000001E-002, 0.0000000E+000, 0.0000000E+000, 4.5010224E-003
 5.8080000E+003, 5.0400043E+002, 5.4000001E-002, 0.0000000E+000, 0.0000000E+000, 4.5014098E-003
 5.8200000E+003, 5.0500043E+002, 5.4000001E-002, 0.0000000E+000, 0.0000000E+000, 4.5022303E-003
 5.8320000E+003, 5.0600043E+002, 5.4000001E-002, 0.0000000E+000, 0.0000000E+000, 4.5020138E-003
 5.8440000E+003, 5.0700043E+002, 5.4000001E-002, 0.0000000E+000, 0.0000000E+000, 4.4994876E-003
 5.8560000E+003, 5.0800043E+002, 5.4000001E-002, 0.0000000E+000, 0.0000000E+000, 4.4998438E-003
 5.8680000E+003, 5.0900043E+002, 5.4000001E-002, 0.0000000E+000, 0.0000000E+000, 4.5012599E-003
 5.8800000E+003, 5.1000043E+002, 5.4000001E-002, 0.0000000E+000, 0.0000000E+000, 4.5005367E-003
 5.8920000E+003, 5.1100043E+002, 5.4000001E-002, 0.0000000E+000, 0.0000000E+000, 4.5000645E-003
 5.9040000E+003, 5.1200043E+002, 5.4000001E-002, 0.0000000E+000, 0.0000000E+000, 4.5008697E-003
 5.9160000E+003, 5.1300043E+002, 5.4000001E-002, 0.0000000E+000, 0.0000000E+000, 4.4996198E-003
 5.9280000E+003, 5.1400043E+002, 5.4000001E-002, 0.0000000E+000, 0.0000000E+000, 4.5011775E-003
 5.9400000E+003, 5.1500043E+002, 5.4000001E-002, 0.0000000E+000, 0.0000000E+000, 4.4999113E-003
 5.9520000E+003, 5.1600043E+002, 5.4000001E-002, 0.0000000E+000, 0.0000000E+000, 4.5002806E-003
 5.9640000E+003, 5.1700043E+002, 5.4000001E-002, 0.0000000E+000, 0.0000000E+000, 4.5015295E-003
 5.9760000E+003, 5.1800043E+002, 5.4000001E-002, 0.0000000E+000, 0.0000000E+000, 4.5015090E-003
 5.9880000E+003, 5.1900043E+002, 5.4000001E-002, 0.0000000E+000, 0.0000000E+000, 4.5012250E-003
 6.0000000E+003, 5.2000043E+002, 5.4000001E-002, 0.0000000E+000, 0.0000000E+000, 4.5003630E-003
 6.0120000E+003, 5.2100043E+002, 5.4000001E-002, 0.0000000E+000, 0.0000000E+000, 4.5022760E-003
 6.0240000E+003, 5.2200043E+002, 5.4000001E-002, 0.0000000E+000, 0.0000000E+000, 4.5007379E-003
 6.0360000E+003, 5.2300043E+002, 5.4000001E-002, 0.0000000E+000, 0.0000000E+000, 4.4994759E-003
 6.0480000E+003, 5.2400043E+002, 5.4000001E-002, 0.0000000E+000, 0.0000000E+000, 4.5022238E-003
 6.0600000E+003, 5.2500043E+002, 5.4000001E-002, 0.0000000E+000, 0.0000000E+000, 4.5021274E-003
 6.0720000E+003, 5.2600043E+002, 5.4000001E-002, 0.0000000E+000, 0.0000000E+000, 4.5004445E-003
 6.0840000E+003, 5.2700043E+002, 5.4000001E-002, 0.0000000E+000, 0.0000000E+000, 4.5003914E-003
 6.0960000E+003, 5.2800043E+002, 5.4000001E-002, 0.0000000E+000, 0.0000000E+000, 4.5010680E-003
 6.1080000E+003, 5.2900043E+002, 5.4000001E-002, 0.0000000E+000, 0.0000000E+000, 4.5021120E-003
 6.1200000E+003, 5.3000043E+002, 5.4000001E-002, 0.0000000E+000, 0.0000000E+000, 4.5009106E-003
 6.1320000E+003, 5.3100043E+002, 5.4000001E-002, 0.0000000E+000, 0.0000000E+000, 4.5018992E-003
 6.1440000E+003, 5.3200043E+002, 5.4000001E-002, 0.0000000E+000, 0.0000000E+000, 4.5018061E-003
 6.1560000E+003, 5.3300043E+002, 5.4000001E-002, 0.0000000E+000, 0.0000000E+000, 4.5011146E-003
 6.1680000E+003, 5.3400043E+002, 5.4000001E-002, 0.0000000E+000, 0.0000000E+000, 4.4993204E-003
 6.1800000E+003, 5.3500043E+002, 5.4000001E-002, 0.0000000E+000, 0.0000000E+000, 4.5008217E-003
 6.1920000E+003, 5.3600043E+002, 5.4000001E-002, 0.0000000E+000, 0.0000000E+000, 4.4997712E-003
 6.2040000E+003, 5.3700043E+002, 5.4000001E-002, 0.0000000E+000, 0.0000000E+000, 4.5010988E-003
 6.2160000E+003, 5.3800043E+002, 5.4000001E-002, 0.0000000E+000, 0.0000000E+000, 4.5012580E-003
 6.2280000E+003, 5.3900043E+002, 5.4000001E-002, 0.0000000E+000, 0.0000000E+000, 4.5021456E-003
 6.2400000E+003, 5.4000043E+002, 5.4000001E-002, 0.0000000E+000, 0.0000000E+000, 4.5006415E-003
 6.2520000E+003, 5.4100043E+002, 5.4000001E-002, 0.0000000E+000, 0.0000000E+000, 4.4996683E-003
 6.2640000E+003, 5.4200043E+002, 5.4000001E-002, 0.0000000E+000, 0.0000000E+000, 4.5010797E-003
 6.2760000E+003, 5.4300043E+002, 5.4000001E-002, 0.0000000E+000, 0.0000000E+000, 4.5008576E-003
 6.2880000E+003, 5.4400043E+002, 5.4000001E-002, 0.0000000E+000, 0.0000000E+000, 4.5010927E-003
 6.3000000E+003, 5.4500043E+002, 5.4000001E-002, 0.0000000E+000, 0.0000000E+000, 4.5008697E-003
 6.3120000E+003, 5.4600043E+002, 5.4000001E-002, 0.0000000E+000, 0.0000000E+000, 4.4999602E-003
 6.3240000E+003, 5.4700043E+002, 5.4000001E-002, 0.0000000E+000, 0.0000000E+000, 4.5006434E-003
 6.3360000E+003, 5.4800043E+002, 5.4000001E-002, 0.0000000E+000, 0.0000000E+000, 4.5001069E-003
 6.3480000E+003, 5.4900043E+002, 5.4000001E-002, 0.0000000E+000, 0.0000000E+000, 4.4993325E-003
 6.3600000E+003, 5.5000043E+002, 5.4000001E-002, 0.0000000E+000, 0.0000000E+000, 4.5014638E-003
 6.3720000E+003, 5.5100043E+002, 5.4000001E-002, 0.0000000E+000, 0.0000000E+000, 4.4999109E-003
 6.3840000E+003, 5.5200043E+002, 5.4000001E-002, 0.0000000E+000, 0.0000000E+000, 4.5022867E-003
 6.3960000E+003, 5.5300043E+002, 5.4000001E-002, 0.0000000E+000, 0.0000000E+000, 4.4999067E-003
 6.4080000E+003, 5.5400043E+002, 5.4000001E-002, 0.0000000E+000, 0.0000000E+000, 4.5009167E-003
 6.4200000E+003, 5.5500043E+002, 5.4000001E-002, 0.0000000E+000, 0.0000000E+000, 4.5009903E-003
 6.4320000E+003, 5.5600043E+002, 5.4000001E-002, 0.0000000E+000, 0.0000000E+000, 4.5008566E-003
 6.4440000E+003, 5.5700043E+002, 5.4000001E-002, 0.0000000E+000, 0.0000000E+000, 4.4999961E-003
 6.4560000E+003, 5.5800043E+002, 5.4000001E-002, 0.0000000E+000, 0.0000000E+000, 4.5015137E-003
 6.4680000E+003, 5.5900043E+002, 5.4000001E-002, 0.0000000E+000, 0.0000000E+000, 4.5000296E-003
 6.4800000E+003, 5.6000043E+002, 5.4000001E-002, 0.0000000E+000, 0.0000000E+000, 4.4995062E-003
 6.4920000E+003, 5.6100043E+002, 5.4000001E-002, 0.0000000E+000, 0.0000000E+000, 4.5026699E-003
 6.5040000E+003, 5.6200043E+002, 5.4000001E-002, 0.0000000E+000, 0.0000000E+000, 4.5006485E-003
 6.5160000E+003, 5.6300043E+002, 5.4000001E-002, 0.0000000E+000, 0.0000000E+000, 4.5020012E-003
 6.5280000E+003, 5.6400043E+002, 5.4000001E-002, 0.0000000E+000, 0.0000000E+000, 4.5010857E-003
 6.5400000E+003, 5.6500043E+002, 5.4000001E-002, 0.0000000E+000, 0.0000000E+000, 4.5011127E-003
 6.5520000E+003, 5.6600043E+002, 5.4000001E-002, 0.0000000E+000, 0.0000000E+000, 4.5008496E-003
 6.5640000E+003, 5.6700043E+002, 5.4000001E-002, 0.0000000E+000, 0.0000000E+000, 4.5011803E-003
 6.5760000E+003, 5.6800043E+002, 5.4000001E-002, 0.0000000E+000, 0.0000000E+000, 4.5005460E-003
 6.5880000E+003, 5.6900043E+002, 5.4000001E-002, 0.0000000E+000, 0.0000000E+000, 4.5009516E-003
 6.6000000E+003, 5.7000043E+002, 5.4000001E-002, 0.0000000E+000, 0.0000000E+000, 4.5023938E-003
 6.6120000E+003, 5.7100043E+002, 5.4000001E-002, 0.0000000E+000, 0.0000000E+000, 4.5014066E-003
 6.6240000E+003, 5.7200043E+002, 5.4000001E-002, 0.0000000E+000, 0.0000000E+000, 4.5017661E-003
 6.6360000E+003, 5.7300043E+002, 5.4000001E-002, 0.0000000E+000, 0.0000000E+000, 4.5014145E-003
 6.6480000E+003, 5.7400043E+002, 5.4000001E-002, 0.0000000E+000, 0.0000000E+000, 4.4999109E-003
 6.6600000E+003, 5.7500043E+002, 5.4000001E-002, 0.0000000E+000, 0.0000000E+000, 4.5011868E-003
 6.6720000E+003, 5.7600043E+002, 5.4000001E-002, 0.0000000E+000, 0.0000000E+000, 4.5025037E-003
 6.6840000E+003, 5.7700043E+002, 5.4000001E-002, 0.0000000E+000, 0.0000000E+000, 4.5019337E-003
 6.6960000E+003, 5.7800043E+002, 5.4000001E-002, 0.0000000E+000, 0.0000000E+000, 4.5017391E-003
 6.7080000E+003, 5.7900043E+002, 5.4000001E-002, 0.0000000E+000, 0.0000000E+000, 4.5014997E-003
 6.7200000E+003, 5.8000043E+002, 5.4000001E-002, 0.0000000E+000, 0.0000000E+000, 4.5006447E-003
 6.7320000E+003, 5.8100043E+002, 5.4000001E-002, 0.0000000E+000, 0.0000000E+000, 4.5020627E-003
 6.7440000E+003, 5.8200043E+002, 5.4000001E-002, 0.0000000E+000, 0.0000000E+000, 4.5012287E-003
 6.7560000E+003, 5.8300043E+002, 5.4000001E-002, 0.0000000E+000, 0.0000000E+000, 4.5008408E-003
 6.7680000E+003, 5.8400043E+002, 5.4000001E-002, 0.0000000E+000, 0.0000000E+000, 4.5018676E-003
 6.7800000E+003, 5.8500043E+002, 5.4000001E-002, 0.0000000E+000, 0.0000000E+000, 4.5000780E-003
 6.7920000E+003, 5.8600043E+002, 5.4000001E-002, 0.0000000E+000, 0.0000000E+000, 4.5001553E-003
 6.8040000E+003, 5.8700043E+002, 5.4000001E-002, 0.0000000E+000, 0.0000000E+000, 4.4995523E-003
 6.8160000E+003, 5.8800043E+002, 5.4000001E-002, 0.0000000E+000, 0.0000000E+000, 4.5000878E-003
 6.8280000E+003, 5.8900043E+002, 5.4000001E-002, 0.0000000E+000, 0.0000000E+000, 4.4992380E-003
 6.8400000E+003, 5.9000043E+002, 5.4000001E-002, 0.0000000E+000, 0.0000000E+000, 4.5009749E-003
 6.8520000E+003, 5.9100043E+002, 5.4000001E-002, 0.0000000E+000, 0.0000000E+000, 4.5011593E-003
 6.8640000E+003, 5.9200043E+002, 5.4000001E-002, 0.0000000E+000, 0.0000000E+000, 4.5011914E-003
 6.8760000E+003, 5.9300043E+002, 5.4000001E-002, 0.0000000E+000, 0.0000000E+000, 4.5015817E-003
 6.8880000E+003, 5.9400043E+002, 5.4000001E-002, 0.0000000E+000, 0.0000000E+000, 4.5011621E-003
 6.9000000E+003, 5.9500043E+002, 5.4000001E-002, 0.0000000E+000, 0.0000000E+000, 4.5010522E-003
 6.9120000E+003, 5.9600043E+002, 5.4000001E-002, 0.0000000E+000, 0.0000000E+000, 4.5001861E-003
 6.9240000E+003, 5.9700043E+002, 5.4000001E-002, 0.0000000E+000, 0.0000000E+000, 4.5001861E-003
 6.9360000E+003, 5.9800043E+002, 5.4000001E-002, 0.0000000E+000, 0.0000000E+000, 4.5003882E-003
 6.9480000E+003, 5.9900043E+002, 5.4000001E-002, 0.0000000E+000, 0.0000000E+000, 4.5000329E-003
 6.9600000E+003, 6.0000043E+002, 5.4000001E-002, 0.0000000E+000, 0.0000000E+000, 4.5010159E-003
 6.9720000E+003, 6.0100043E+002, 5.4000001E-002, 0.0000000E+000, 0.0000000E+000, 4.5002592E-003
 6.9840000E+003, 6.0200043E+002, 5.4000001E-002, 0.0000000E+000, 0.0000000E+000, 4.4998038E-003
 6.9960000E+003, 6.0300043E+002, 5.4000001E-002, 0.0000000E+000, 0.0000000E+000, 4.5011742E-003
 7.0080000E+003, 6.0400043E+002, 5.4000001E-002, 0.0000000E+000, 0.0000000E+000, 4.5008757E-003
 7.0200000E+003, 6.0500043E+002, 5.4000001E-002, 0.0000000E+000, 0.0000000E+000, 4.5010177E-003
 7.0320000E+003, 6.0600043E+002, 5.4000001E-002, 0.0000000E+000, 0.0000000E+000, 4.5021242E-003
 7.0440000E+003, 6.0700043E+002, 5.4000001E-002, 0.0000000E+000, 0.0000000E+000, 4.5006890E-003
 7.0560000E+003, 6.0800043E+002, 5.4000001E-002, 0.0000000E+000, 0.0000000E+000, 4.5006983E-003
 7.0680000E+003, 6.0900043E+002, 5.4000001E-002, 0.0000000E+000, 0.0000000E+000, 4.5012343E-003
 7.0800000E+003, 6.1000043E+002, 5.4000001E-002, 0.0000000E+000, 0.0000000E+000, 4.5006629E-003
 7.0920000E+003, 6.1100043E+002, 5.4000001E-002, 0.0000000E+000, 0.0000000E+000, 4.5021530E-003
 7.1040000E+003, 6.1200043E+002, 5.4000001E-002, 0.0000000E+000, 0.0000000E+000, 4.5015696E-003
 7.1160000E+003, 6.1300043E+002, 5.4000001E-002, 0.0000000E+000, 0.0000000E+000, 4.5017186E-003
 7.1280000E+003, 6.1400043E+002, 5.4000001E-002, 0.0000000E+000, 0.0000000E+000, 4.5023463E-003
 7.1400000E+003, 6.1500043E+002, 5.4000001E-002, 0.0000000E+000, 0.0000000E+000, 4.5010005E-003
 7.1520000E+003, 6.1600043E+002, 5.4000001E-002, 0.0000000E+000, 0.0000000E+000, 4.5010312E-003
 7.1640000E+003, 6.1700043E+002, 5.4000001E-002, 0.0000000E+000, 0.0000000E+000, 4.5004007E-003
 7.1760000E+003, 6.1800043E+002, 5.4000001E-002, 0.0000000E+000, 0.0000000E+000, 4.5011304E-003
 7.1880000E+003, 6.1900043E+002, 5.4000001E-002, 0.0000000E+000, 0.0000000E+000, 4.5000557E-003
 7.2000000E+003, 6.2000043E+002, 5.4000001E-002, 0.0000000E+000, 0.0000000E+000, 4.5019449E-003
 7.2120000E+003, 6.2100043E+002, 5.4000001E-002, 0.0000000E+000, 0.0000000E+000, 4.5004035E-003
 7.2240000E+003, 6.2200043E+002, 5.4000001E-002, 0.0000000E+000, 0.0000000E+000, 4.5002825E-003
 7.2360000E+003, 6.2300043E+002, 5.4000001E-002, 0.0000000E+000, 0.0000000E+000, 4.5015174E-003
 7.2480000E+003, 6.2400043E+002, 5.4000001E-002, 0.0000000E+000, 0.0000000E+000, 4.5007146E-003
 7.2600000E+003, 6.2500043E+002, 5.4000001E-002, 0.0000000E+000, 0.0000000E+000, 4.5013940E-003
 7.2720000E+003, 6.2600043E+002, 5.4000001E-002, 0.0000000E+000, 0.0000000E+000, 4.5011910E-003
 7.2840000E+003, 6.2700043E+002, 5.4000001E-002, 0.0000000E+000, 0.0000000E+000, 4.5032222E-003
 7.2960000E+003, 6.2800043E+002, 5.4000001E-002, 0.0000000E+000, 0.0000000E+000, 4.5016552E-003
 7.3080000E+003, 6.2900043E+002, 5.4000001E-002, 0.0000000E+000, 0.0000000E+000, 4.5013297E-003
 7.3200000E+003, 6.3000043E+002, 5.4000001E-002, 0.0000000E+000, 0.0000000E+000, 4.4996501E-003
 7.3320000E+003, 6.3100043E+002, 5.4000001E-002, 0.0000000E+000, 0.0000000E+000, 4.5015034E-003
 7.3440000E+003, 6.3200043E+002, 5.4000001E-002, 0.0000000E+000, 0.0000000E+000, 4.5010415E-003
 7.3560000E+003, 6.3300043E+002, 5.4000001E-002, 0.0000000E+000, 0.0000000E+000, 4.5001595E-003
 7.3680000E+003, 6.3400043E+002, 5.4000001E-002, 0.0000000E+000, 0.0000000E+000, 4.4997488E-003
 7.3800000E+003, 6.3500043E+002, 5.4000001E-002, 0.0000000E+000, 0.0000000E+000, 4.5015570E-003
 7.3920000E+003, 6.3600043E+002, 5.4000001E-002, 0.0000000E+000, 0.0000000E+000, 4.4996836E-003
 7.4040000E+003, 6.3700043E+002, 5.4000001E-002, 0.0000000E+000, 0.0000000E+000, 4.5009041E-003
 7.4160000E+003, 6.3800043E+002, 5.4000001E-002, 0.0000000E+000, 0.0000000E+000, 4.5002187E-003
 7.4280000E+003, 6.3900043E+002, 5.4000001E-002, 0.0000000E+000, 0.0000000E+000, 4.5011654E-003
 7.4400000E+003, 6.4000043E+002, 5.4000001E-002, 0.0000000E+000, 0.0000000E+000, 4.5009223E-003
 7.4520000E+003, 6.4100043E+002, 5.4000001E-002, 0.0000000E+000, 0.0000000E+000, 4.5014392E-003
 7.4640000E+003, 6.4200043E+002, 5.4000001E-002, 0.0000000E+000, 0.0000000E+000, 4.5016324E-003
 7.4760000E+003, 6.4300043E+002, 5.4000001E-002, 0.0000000E+000, 0.0000000E+000, 4.5000562E-003
 7.4880000E+003, 6.4400043E+002, 5.4000001E-002, 0.0000000E+000, 0.0000000E+000, 4.5004142E-003
 7.5000000E+003, 6.4500043E+002, 5.4000001E-002, 0.0000000E+000, 0.0000000E+000, 4.5015812E-003
 7.5120000E+003, 6.4600043E+002, 5.4000001E-002, 0.0000000E+000, 0.0000000E+000, 4.5010555E-003
 7.5240000E+003, 6.4700043E+002, 5.4000001E-002, 0.0000000E+000, 0.0000000E+000, 4.5013689E-003
 7.5360000E+003, 6.4800043E+002, 5.4000001E-002, 0.0000000E+000, 0.0000000E+000, 4.5017917E-003
 7.5480000E+003, 6.4900043E+002, 5.4000001E-002, 0.0000000E+000, 0.0000000E+000, 4.5002741E-003
 7.5600000E+003, 6.5000043E+002, 5.4000001E-002, 0.0000000E+000, 0.0000000E+000, 4.4987476E-003
 7.5720000E+003, 6.5100043E+002, 5.4000001E-002, 0.0000000E+000, 0.0000000E+000, 4.5009903E-003
 7.5840000E+003, 6.5200043E+002, 5.4000001E-002, 0.0000000E+000, 0.0000000E+000, 4.5024990E-003
 7.5960000E+003, 6.5300043E+002, 5.4000001E-002, 0.0000000E+000, 0.0000000E+000, 4.5008250E-003
 7.6080000E+003, 6.5400043E+002, 5.4000001E-002, 0.0000000E+000, 0.0000000E+000, 4.5000203E-003
 7.6200000E+003, 6.5500043E+002, 5.4000001E-002, 0.0000000E+000, 0.0000000E+000, 4.4998936E-003
 7.6320000E+003, 6.5600043E+002, 5.4000001E-002, 0.0000000E+000, 0.0000000E+000, 4.5007286E-003
 7.6440000E+003, 6.5700043E+002, 5.4000001E-002, 0.0000000E+000, 0.0000000E+000, 4.5006890E-003
 7.6560000E+003, 6.5800043E+002, 5.4000001E-002, 0.0000000E+000, 0.0000000E+000, 4.5006434E-003
 7.6680000E+003, 6.5900043E+002, 5.4000001E-002, 0.0000000E+000, 0.0000000E+000, 4.5003304E-003
 7.6800000E+003, 6.6000043E+002, 5.4000001E-002, 0.0000000E+000, 0.0000000E+000, 4.4993889E-003
 7.6920000E+003, 6.6100043E+002, 5.4000001E-002, 0.0000000E+000, 0.0000000E+000, 4.5017544E-003
 7.7040000E+003, 6.6200043E+002, 5.4000001E-002, 0.0000000E+000, 0.0000000E+000, 4.5009078E-003
 7.7160000E+003, 6.6300043E+002, 5.4000001E-002, 0.0000000E+000, 0.0000000E+000, 4.5012175E-003
 7.7280000E+003, 6.6400043E+002, 5.4000001E-002, 0.0000000E+000, 0.0000000E+000, 4.5009153E-003
 7.7400000E+003, 6.6500043E+002, 5.4000001E-002, 0.0000000E+000, 0.0000000E+000, 4.5002019E-003
 7.7520000E+003, 6.6600043E+002, 5.4000001E-002, 0.0000000E+000, 0.0000000E+000, 4.5011113E-003
 7.7640000E+003, 6.6700043E+002, 5.4000001E-002, 0.0000000E+000, 0.0000000E+000, 4.5011137E-003
 7.7760000E+003, 6.6800043E+002, 5.4000001E-002, 0.0000000E+000, 0.0000000E+000, 4.5006131E-003
 7.7880000E+003, 6.6900043E+002, 5.4000001E-002, 0.0000000E+000, 0.0000000E+000, 4.5001246E-003
 7.8000000E+003, 6.7000043E+002, 5.4000001E-002, 0.0000000E+000, 0.0000000E+000, 4.5002205E-003
 7.8120000E+003, 6.7100043E+002, 5.4000001E-002, 0.0000000E+000, 0.0000000E+000, 4.4998652E-003
 7.8240000E+003, 6.7200043E+002, 5.4000001E-002, 0.0000000E+000, 0.0000000E+000, 4.5001376E-003
 7.8360000E+003, 6.7300043E+002, 5.4000001E-002, 0.0000000E+000, 0.0000000E+000, 4.5009167E-003
 7.8480000E+003, 6.7400043E+002, 5.4000001E-002, 0.0000000E+000, 0.0000000E+000, 4.5001251E-003
 7.8600000E+003, 6.7500043E+002, 5.4000001E-002, 0.0000000E+000, 0.0000000E+000, 4.5011924E-003
 7.8720000E+003, 6.7600043E+002, 5.4000001E-002, 0.0000000E+000, 0.0000000E+000, 4.5017786E-003
 7.8840000E+003, 6.7700043E+002, 5.4000001E-002, 0.0000000E+000, 0.0000000E+000, 4.5017088E-003
 7.8960000E+003, 6.7800043E+002, 5.4000001E-002, 0.0000000E+000, 0.0000000E+000, 4.4982648E-003
 7.9080000E+003, 6.7900043E+002, 5.4000001E-002, 0.0000000E+000, 0.0000000E+000, 4.5006354E-003
 7.9200000E+003, 6.8000043E+002, 5.4000001E-002, 0.0000000E+000, 0.0000000E+000, 4.5012091E-003
 7.9320000E+003, 6.8100043E+002, 5.4000001E-002, 0.0000000E+000, 0.0000000E+000, 4.5014000E-003
 7.9440000E+003, 6.8200043E+002, 5.4000001E-002, 0.0000000E+000, 0.0000000E+000, 4.5009027E-003
 7.9560000E+003, 6.8300043E+002, 5.4000001E-002, 0.0000000E+000, 0.0000000E+000, 4.5008366E-003
 7.9680000E+003, 6.8400043E+002, 5.4000001E-002, 0.0000000E+000, 0.0000000E+000, 4.5005605E-003
 7.9800000E+003, 6.8500043E+002, 5.4000001E-002, 0.0000000E+000, 0.0000000E+000, 4.4998378E-003
 7.9920000E+003, 6.8600043E+002, 5.4000001E-002, 0.0000000E+000, 0.0000000E+000, 4.5003928E-003
 8.0040000E+003, 6.8700043E+002, 5.4000001E-002, 0.0000000E+000, 0.0000000E+000, 4.5005209E-003
 8.0160000E+003, 6.8800043E+002, 5.4000001E-002, 0.0000000E+000, 0.0000000E+000, 4.5016147E-003
 8.0280000E+003, 6.8900043E+002, 5.4000001E-002, 0.0000000E+000, 0.0000000E+000, 4.5001870E-003
 8.0400000E+003, 6.9000043E+002, 5.4000001E-002, 0.0000000E+000, 0.0000000E+000, 4.4990103E-003
 8.0520000E+003, 6.9100043E+002, 5.4000001E-002, 0.0000000E+000, 0.0000000E+000, 4.5014475E-003
 8.0640000E+003, 6.9200043E+002, 5.4000001E-002, 0.0000000E+000, 0.0000000E+000, 4.5003789E-003
 8.0760000E+003, 6.9300043E+002, 5.4000001E-002, 0.0000000E+000, 0.0000000E+000, 4.5007030E-003
 8.0880000E+003, 6.9400043E+002, 5.4000001E-002, 0.0000000E+000, 0.0000000E+000, 4.5005945E-003
 8.1000000E+003, 6.9500043E+002, 5.4000001E-002, 0.0000000E+000, 0.0000000E+000, 4.5027584E-003
 8.1120000E+003, 6.9600043E+002, 5.4000001E-002, 0.0000000E+000, 0.0000000E+000, 4.5036273E-003
 8.1240000E+003, 6.9700043E+002, 5.4000001E-002, 0.0000000E+000, 0.0000000E+000, 4.5013032E-003
 8.1360000E+003, 6.9800043E+002, 5.4000001E-002, 0.0000000E+000, 0.0000000E+000, 4.4997968E-003
 8.1480000E+003, 6.9900043E+002, 5.4000001E-002, 0.0000000E+000, 0.0000000E+000, 4.5011281E-003
 8.1600000E+003, 7.0000043E+002, 5.4000001E-002, 0.0000000E+000, 0.0000000E+000, 4.4988464E-003
 8.1720000E+003, 7.0100043E+002, 5.4000001E-002, 0.0000000E+000, 0.0000000E+000, 4.5008184E-003
 8.1840000E+003, 7.0200043E+002, 5.4000001E-002, 0.0000000E+000, 0.0000000E+000, 4.5003542E-003
 8.1960000E+003, 7.0300043E+002, 5.4000001E-002, 0.0000000E+000, 0.0000000E+000, 4.5010261E-003
 8.2080000E+003, 7.0400043E+002, 5.4000001E-002, 0.0000000E+000, 0.0000000E+000, 4.5017004E-003
 8.2200000E+003, 7.0500043E+002, 5.4000001E-002, 0.0000000E+000, 0.0000000E+000, 4.5020790E-003
 8.2320000E+003, 7.0600043E+002, 5.4000001E-002, 0.0000000E+000, 0.0000000E+000, 4.5002145E-003
 8.2440000E+003, 7.0700043E+002, 5.4000001E-002, 0.0000000E+000, 0.0000000E+000, 4.4995663E-003
 8.2560000E+003, 7.0800043E+002, 5.4000001E-002, 0.0000000E+000, 0.0000000E+000, 4.5007998E-003
 8.2680000E+003, 7.0900043E+002, 5.4000001E-002, 0.0000000E+000, 0.0000000E+000, 4.5012874E-003
 8.2800000E+003, 7.1000043E+002, 5.4000001E-002, 0.0000000E+000, 0.0000000E+000, 4.5010177E-003
 8.2920000E+003, 7.1100043E+002, 5.4000001E-002, 0.0000000E+000, 0.0000000E+000, 4.5000045E-003
 8.3040000E+003, 7.1200043E+002, 5.4000001E-002, 0.0000000E+000, 0.0000000E+000, 4.5009917E-003
 8.3160000E+003, 7.1300043E+002, 5.4000001E-002, 0.0000000E+000, 0.0000000E+000, 4.5009558E-003
 8.3280000E+003, 7.1400043E+002, 5.4000001E-002, 0.0000000E+000, 0.0000000E+000, 4.5021968E-003
 8.3400000E+003, 7.1500043E+002, 5.4000001E-002, 0.0000000E+000, 0.0000000E+000, 4.5003765E-003
 8.3520000E+003, 7.1600043E+002, 5.4000001E-002, 0.0000000E+000, 0.0000000E+000, 4.5019165E-003
 8.3640000E+003, 7.1700043E+002, 5.4000001E-002, 0.0000000E+000, 0.0000000E+000, 4.5011253E-003
 8.3760000E+003, 7.1800043E+002, 5.4000001E-002, 0.0000000E+000, 0.0000000E+000, 4.5004156E-003
 8.3880000E+003, 7.1900043E+002, 5.4000001E-002, 0.0000000E+000, 0.0000000E+000, 4.5005963E-003
 8.4000000E+003, 7.2000043E+002, 5.4000001E-002, 0.0000000E+000, 0.0000000E+000, 4.5017228E-003
 8.4120000E+003, 7.2100043E+002, 5.4000001E-002, 0.0000000E+000, 0.0000000E+000, 4.5006368E-003
 8.4240000E+003, 7.2200043E+002, 5.4000001E-002, 0.0000000E+000, 0.0000000E+000, 4.5021330E-003
 8.4360000E+003, 7.2300043E+002, 5.4000001E-002, 0.0000000E+000, 0.0000000E+000, 4.5013265E-003
 8.4480000E+003, 7.2400043E+002, 5.4000001E-002, 0.0000000E+000, 0.0000000E+000, 4.5006475E-003
 8.4600000E+003, 7.2500043E+002, 5.4000001E-002, 0.0000000E+000, 0.0000000E+000, 4.5007076E-003
 8.4720000E+003, 7.2600043E+002, 5.4000001E-002, 0.0000000E+000, 0.0000000E+000, 4.4981767E-003
 8.4840000E+003, 7.2700043E+002, 5.4000001E-002, 0.0000000E+000, 0.0000000E+000, 4.5001288E-003
 8.4960000E+003, 7.2800043E+002, 5.4000001E-002, 0.0000000E+000, 0.0000000E+000, 4.5000729E-003
 8.5080000E+003, 7.2900043E+002, 5.4000001E-002, 0.0000000E+000, 0.0000000E+000, 4.5007397E-003
 8.5200000E+003, 7.3000043E+002, 5.4000001E-002, 0.0000000E+000, 0.0000000E+000, 4.5020208E-003
 8.5320000E+003, 7.3100043E+002, 5.4000001E-002, 0.0000000E+000, 0.0000000E+000, 4.5008035E-003
 8.5440000E+003, 7.3200043E+002, 5.4000001E-002, 0.0000000E+000, 0.0000000E+000, 4.5020385E-003
 8.5560000E+003, 7.3300043E+002, 5.4000001E-002, 0.0000000E+000, 0.0000000E+000, 4.5008827E-003
 8.5680000E+003, 7.3400043E+002, 5.4000001E-002, 0.0000000E+000, 0.0000000E+000, 4.5006280E-003
 8.5800000E+003, 7.3500043E+002, 5.4000001E-002, 0.0000000E+000, 0.0000000E+000, 4.5010145E-003
 8.5920000E+003, 7.3600043E+002, 5.4000001E-002, 0.0000000E+000, 0.0000000E+000, 4.5006243E-003
 8.6040000E+003, 7.3700043E+002, 5.4000001E-002, 0.0000000E+000, 0.0000000E+000, 4.4993721E-003
 8.6160000E+003, 7.3800043E+002, 5.4000001E-002, 0.0000000E+000, 0.0000000E+000, 4.5020627E-003
 8.6280000E+003, 7.3900043E+002, 5.4000001E-002, 0.0000000E+000, 0.0000000E+000, 4.5023770E-003
 8.6400000E+003, 7.4000043E+002, 5.4000001E-002, 0.0000000E+000, 0.0000000E+000, 4.5009563E-003
 8.6520000E+003, 7.4100043E+002, 5.4000001E-002, 0.0000000E+000, 0.0000000E+000, 4.5004729E-003
 8.6640000E+003, 7.4200043E+002, 5.4000001E-002, 0.0000000E+000, 0.0000000E+000, 4.5017833E-003
 8.6760000E+003, 7.4300043E+002, 5.4000001E-002, 0.0000000E+000, 0.0000000E+000, 4.5002364E-003
 8.6880000E+003, 7.4400043E+002, 5.4000001E-002, 0.0000000E+000, 0.0000000E+000, 4.5003304E-003
 8.7000000E+003, 7.4500043E+002, 5.4000001E-002, 0.0000000E+000, 0.0000000E+000, 4.5020739E-003
 8.7120000E+003, 7.4600043E+002, 5.4000001E-002, 0.0000000E+000, 0.0000000E+000, 4.5008673E-003
 8.7240000E+003, 7.4700043E+002, 5.4000001E-002, 0.0000000E+000, 0.0000000E+000, 4.5014364E-003
 8.7360000E+003, 7.4800043E+002, 5.4000001E-002, 0.0000000E+000, 0.0000000E+000, 4.5011099E-003
 8.7480000E+003, 7.4900043E+002, 5.4000001E-002, 0.0000000E+000, 0.0000000E+000, 4.5015030E-003
 8.7600000E+003, 7.5000043E+002, 5.4000001E-002, 0.0000000E+000, 0.0000000E+000, 4.5008473E-003
 8.7720000E+003, 7.5100043E+002, 5.4000001E-002, 0.0000000E+000, 0.0000000E+000, 4.5014583E-003
 8.7840000E+003, 7.5200043E+002, 5.4000001E-002, 0.0000000E+000, 0.0000000E+000, 4.4995439E-003
 8.7960000E+003, 7.5300043E+002, 5.4000001E-002, 0.0000000E+000, 0.0000000E+000, 4.4974340E-003
 8.8080000E+003, 7.5400043E+002, 5.4000001E-002, 0.0000000E+000, 0.0000000E+000, 4.5012790E-003
 8.8200000E+003, 7.5500043E+002, 5.4000001E-002, 0.0000000E+000, 0.0000000E+000, 4.5038778E-003
 8.8320000E+003, 7.5600043E+002, 5.4000001E-002, 0.0000000E+000, 0.0000000E+000, 4.4998392E-003
 8.8440000E+003, 7.5700043E+002, 5.4000001E-002, 0.0000000E+000, 0.0000000E+000, 4.5037689E-003
 8.8560000E+003, 7.5800043E+002, 5.4000001E-002, 0.0000000E+000, 0.0000000E+000, 4.5010569E-003
 8.8680000E+003, 7.5900043E+002, 5.4000001E-002, 0.0000000E+000, 0.0000000E+000, 4.5004529E-003
 8.8800000E+003, 7.6000043E+002, 5.4000001E-002, 0.0000000E+000, 0.0000000E+000, 4.4996976E-003
 8.8920000E+003, 7.6100043E+002, 5.4000001E-002, 0.0000000E+000, 0.0000000E+000, 4.5027123E-003
 8.9040000E+003, 7.6200043E+002, 5.4000001E-002, 0.0000000E+000, 0.0000000E+000, 4.5000985E-003
 8.9160000E+003, 7.6300043E+002, 5.4000001E-002, 0.0000000E+000, 0.0000000E+000, 4.5011058E-003
 8.9280000E+003, 7.6400043E+002, 5.4000001E-002, 0.0000000E+000, 0.0000000E+000, 4.5015598E-003
 8.9400000E+003, 7.6500043E+002, 5.4000001E-002, 0.0000000E+000, 0.0000000E+000, 4.5006378E-003
 8.9520000E+003, 7.6600043E+002, 5.4000001E-002, 0.0000000E+000, 0.0000000E+000, 4.5033637E-003
 8.9640000E+003, 7.6700043E+002, 5.4000001E-002, 0.0000000E+000, 0.0000000E+000, 4.5027835E-003
 8.9760000E+003, 7.6800043E+002, 5.4000001E-002, 0.0000000E+000, 0.0000000E+000, 4.5009563E-003
 8.9880000E+003, 7.6900043E+002, 5.4000001E-002, 0.0000000E+000, 0.0000000E+000, 4.5006955E-003
 9.0000000E+003, 7.7000043E+002, 5.4000001E-002, 0.0000000E+000, 0.0000000E+000, 4.5017852E-003
 9.0120000E+003, 7.7100043E+002, 5.4000001E-002, 0.0000000E+000, 0.0000000E+000, 4.5022466E-003
 9.0240000E+003, 7.7200043E+002, 5.4000001E-002, 0.0000000E+000, 0.0000000E+000, 4.5015821E-003
 9.0360000E+003, 7.7300043E+002, 5.4000001E-002, 0.0000000E+000, 0.0000000E+000, 4.5014154E-003
 9.0480000E+003, 7.7400043E+002, 5.4000001E-002, 0.0000000E+000, 0.0000000E+000, 4.5004147E-003
 9.0600000E+003, 7.7500043E+002, 5.4000001E-002, 0.0000000E+000, 0.0000000E+000, 4.4999043E-003
 9.0720000E+003, 7.7600043E+002, 5.4000001E-002, 0.0000000E+000, 0.0000000E+000, 4.5012073E-003
 9.0840000E+003, 7.7700043E+002, 5.4000001E-002, 0.0000000E+000, 0.0000000E+000, 4.5021791E-003
 9.0960000E+003, 7.7800043E+002, 5.4000001E-002, 0.0000000E+000, 0.0000000E+000, 4.5023337E-003
 9.1080000E+003, 7.7900043E+002, 5.4000001E-002, 0.0000000E+000, 0.0000000E+000, 4.5021349E-003
 9.1200000E+003, 7.8000043E+002, 5.4000001E-002, 0.0000000E+000, 0.0000000E+000, 4.5029074E-003
 9.1320000E+003, 7.8100043E+002, 5.4000001E-002, 0.0000000E+000, 0.0000000E+000, 4.4984967E-003
 9.1440000E+003, 7.8200043E+002, 5.4000001E-002, 0.0000000E+000, 0.0000000E+000, 4.5029311E-003
 9.1560000E+003, 7.8300043E+002, 5.4000001E-002, 0.0000000E+000, 0.0000000E+000, 4.5000380E-003
 9.1680000E+003, 7.8400043E+002, 5.4000001E-002, 0.0000000E+000, 0.0000000E+000, 4.4973451E-003
 9.1800000E+003, 7.8500043E+002, 5.4000001E-002, 0.0000000E+000, 0.0000000E+000, 4.4992664E-003
 9.1920000E+003, 7.8600043E+002, 5.4000001E-002, 0.0000000E+000, 0.0000000E+000, 4.5009148E-003
 9.2040000E+003, 7.8700043E+002, 5.4000001E-002, 0.0000000E+000, 0.0000000E+000, 4.5002615E-003
 9.2160000E+003, 7.8800043E+002, 5.4000001E-002, 0.0000000E+000, 0.0000000E+000, 4.4990554E-003
 9.2280000E+003, 7.8900043E+002, 5.4000001E-002, 0.0000000E+000, 0.0000000E+000, 4.4996883E-003
 9.2400000E+003, 7.9000043E+002, 5.4000001E-002, 0.0000000E+000, 0.0000000E+000, 4.4978382E-003
 9.2520000E+003, 7.9100043E+002, 5.4000001E-002, 0.0000000E+000, 0.0000000E+000, 4.5011733E-003
 9.2640000E+003, 7.9200043E+002, 5.4000001E-002, 0.0000000E+000, 0.0000000E+000, 4.5031891E-003
 9.2760000E+003, 7.9300043E+002, 5.4000001E-002, 0.0000000E+000, 0.0000000E+000, 4.4992822E-003
 9.2880000E+003, 7.9400043E+002, 5.4000001E-002, 0.0000000E+000, 0.0000000E+000, 4.5016995E-003
 9.3000000E+003, 7.9500043E+002, 5.4000001E-002, 0.0000000E+000, 0.0000000E+000, 4.4989539E-003
 9.3120000E+003, 7.9600043E+002, 5.4000001E-002, 0.0000000E+000, 0.0000000E+000, 4.5012888E-003
 9.3240000E+003, 7.9700043E+002, 5.4000001E-002, 0.0000000E+000, 0.0000000E+000, 4.4999379E-003
 9.3360000E+003, 7.9800043E+002, 5.4000001E-002, 0.0000000E+000, 0.0000000E+000, 4.5007723E-003
 9.3480000E+003, 7.9900043E+002, 5.4000001E-002, 0.0000000E+000, 0.0000000E+000, 4.5033311E-003
 9.3600000E+003, 8.0000043E+002, 5.4000001E-002, 0.0000000E+000, 0.0000000E+000, 4.5027179E-003
